,comment_count,dislike_count,duration,like_count,live,view_count,publish_month,publish_date,days_after_last_video,title_length,description_length,tag_count,season_fall,season_summer,season_winter,day_part_afternoon,day_part_evening,day_part_overnight,review,apple,google,samsung
0,6,5,315,33,0,2420,5,2008-05-30,62,37,273,17,0,0,0,0,1,0,0,0,0,0
1,40,18,574,159,0,14148,9,2008-09-16,109,41,214,11,1,0,0,0,0,1,0,0,0,0
2,8,1,139,36,0,2557,1,2009-01-01,107,48,234,6,0,0,1,0,1,0,0,0,0,0
3,6,5,219,26,0,2270,1,2009-01-01,0,36,395,21,0,0,1,0,1,0,0,0,0,0
4,10,2,350,38,0,3479,1,2009-01-29,28,32,253,7,0,0,1,0,1,0,0,0,0,0
5,11,1,228,51,0,3414,1,2009-01-30,1,51,299,16,0,0,1,0,0,1,0,0,0,0
6,6,2,408,26,0,2400,1,2009-01-30,0,42,324,2,0,0,1,0,0,1,0,0,0,0
7,5,5,189,35,0,2698,1,2009-01-30,0,38,290,11,0,0,1,0,1,0,0,0,0,0
8,6,3,283,37,0,3354,1,2009-01-30,0,28,388,13,0,0,1,0,0,1,0,0,0,0
9,5,1,146,18,0,3256,1,2009-01-30,0,20,127,12,0,0,1,0,0,1,0,0,0,0
10,3,2,98,31,0,2809,1,2009-01-30,0,38,368,14,0,0,1,0,1,0,0,0,0,0
11,8,1,117,29,0,1868,1,2009-01-30,0,39,405,6,0,0,1,0,0,1,0,0,0,0
12,3,3,195,33,0,2116,1,2009-01-30,0,40,378,14,0,0,1,0,0,1,0,0,0,0
13,16,1,140,43,0,1442,1,2009-01-30,0,24,33,6,0,0,1,0,0,1,0,0,0,0
14,27,7,95,91,0,14525,1,2009-01-30,0,43,110,14,0,0,1,0,0,1,0,0,0,0
15,5,3,114,28,0,2811,1,2009-01-31,1,27,310,15,0,0,1,0,1,0,0,0,0,0
16,23,1,110,35,0,1187,1,2009-01-31,0,41,404,19,0,0,1,0,1,0,0,0,0,0
17,4,3,226,22,0,4916,1,2009-01-31,0,37,265,20,0,0,1,0,1,0,0,0,0,0
18,8,2,161,20,0,1271,2,2009-02-01,1,35,250,10,0,0,1,0,1,0,0,0,0,0
19,6,3,234,26,0,2425,2,2009-02-01,0,37,458,19,0,0,1,0,1,0,0,0,0,0
20,29,2,164,30,0,1137,2,2009-02-01,0,38,273,14,0,0,1,0,1,0,0,0,0,0
21,6,3,100,31,0,1870,2,2009-02-01,0,40,538,17,0,0,1,0,1,0,0,0,0,0
22,10,1,137,39,0,5145,2,2009-02-01,0,44,225,8,0,0,1,1,0,0,0,0,0,0
23,6,1,31,26,0,1451,2,2009-02-01,0,28,119,7,0,0,1,0,0,0,0,0,0,0
24,35,22,400,95,0,36541,2,2009-02-01,0,37,115,20,0,0,1,0,0,0,0,0,0,0
25,20,3,87,49,0,7084,2,2009-02-01,0,30,172,13,0,0,1,0,0,1,0,0,0,0
26,4,1,219,24,0,1530,2,2009-02-01,0,27,236,14,0,0,1,0,0,1,0,0,0,0
27,4,1,207,20,0,1643,2,2009-02-01,0,23,150,26,0,0,1,0,0,1,0,0,0,0
28,31,1,279,91,0,6794,2,2009-02-01,0,28,310,15,0,0,1,0,0,1,0,0,0,0
29,6,8,99,29,0,3082,2,2009-02-02,1,31,355,14,0,0,1,0,1,0,0,0,0,0
30,12,2,123,26,0,1287,2,2009-02-02,0,49,300,21,0,0,1,0,1,0,0,0,0,0
31,3,1,202,26,0,2241,2,2009-02-02,0,26,631,23,0,0,1,0,1,0,0,0,0,0
32,9,3,162,41,0,4670,2,2009-02-02,0,42,226,18,0,0,1,0,1,0,0,0,0,0
33,2,6,179,24,0,1582,2,2009-02-02,0,37,437,13,0,0,1,0,1,0,0,0,0,0
34,14,2,139,36,0,4626,2,2009-02-03,1,50,449,16,0,0,1,0,0,1,0,0,0,0
35,20,10,463,55,0,14079,2,2009-02-03,0,26,327,12,0,0,1,0,0,1,0,0,0,0
36,9,2,150,22,0,1202,2,2009-02-03,0,43,429,17,0,0,1,0,0,1,0,0,0,0
37,30,12,223,111,0,23830,2,2009-02-04,1,37,268,18,0,0,1,0,1,0,0,0,0,0
38,10,1,210,21,0,1638,2,2009-02-04,0,46,439,31,0,0,1,0,1,0,0,0,0,0
39,5,7,194,26,0,6967,2,2009-02-04,0,35,305,17,0,0,1,0,1,0,0,0,0,0
40,10,2,168,46,0,2710,2,2009-02-04,0,52,187,18,0,0,1,0,0,1,0,0,0,0
41,3,1,153,20,0,2194,2,2009-02-04,0,31,542,22,0,0,1,0,0,1,0,0,0,0
42,23,5,345,46,0,11897,2,2009-02-04,0,30,452,22,0,0,1,0,0,1,0,0,0,0
43,14,2,116,33,0,1117,2,2009-02-04,0,49,346,18,0,0,1,0,0,1,0,0,0,0
44,13,8,223,29,0,7151,2,2009-02-05,1,37,544,30,0,0,1,0,0,1,0,0,0,0
45,3,1,439,23,0,1616,2,2009-02-05,0,20,297,7,0,0,1,0,0,1,1,1,1,1
46,4,8,364,27,0,4562,2,2009-02-05,0,56,654,34,0,0,1,0,0,1,0,0,0,0
47,8,4,164,25,0,4051,2,2009-02-06,1,29,423,28,0,0,1,0,1,0,0,0,0,0
48,11,4,191,34,0,2295,2,2009-02-06,0,34,294,16,0,0,1,0,1,0,0,0,0,0
49,21,3,163,54,0,4296,2,2009-02-07,1,41,276,21,0,0,1,1,0,0,0,0,0,0
50,8,3,56,18,0,1532,2,2009-02-07,0,38,131,8,0,0,1,0,1,0,0,0,0,0
51,66,9,112,300,0,28647,2,2009-02-07,0,35,299,7,0,0,1,0,1,0,0,0,0,0
52,9,3,88,23,0,1533,2,2009-02-08,1,50,209,18,0,0,1,0,1,0,0,0,0,0
53,157,59,415,341,0,68863,2,2009-02-08,0,51,1320,17,0,0,1,0,1,0,0,0,0,0
54,8,1,155,32,0,2995,2,2009-02-08,0,49,254,18,0,0,1,1,0,0,0,0,0,0
55,118,26,19,668,0,42031,2,2009-02-08,0,27,55,13,0,0,1,1,0,0,0,0,0,0
56,37,5,89,208,0,18337,2,2009-02-08,0,33,529,23,0,0,1,1,0,0,0,0,0,0
57,17,2,143,32,0,1073,2,2009-02-08,0,33,233,16,0,0,1,0,0,1,0,0,0,0
58,33,7,341,106,0,11827,2,2009-02-08,0,38,181,17,0,0,1,0,0,1,0,0,0,0
59,10,3,195,32,0,1451,2,2009-02-08,0,52,178,14,0,0,1,0,0,1,0,0,0,0
60,4,7,153,28,0,4760,2,2009-02-08,0,54,380,22,0,0,1,1,0,0,0,0,0,0
61,12,2,283,29,0,1568,2,2009-02-09,1,27,272,20,0,0,1,0,0,1,0,0,0,0
62,12,4,133,17,0,2823,2,2009-02-09,0,42,590,27,0,0,1,0,0,1,0,0,0,0
63,92,15,60,515,0,31419,2,2009-02-09,0,9,367,22,0,0,1,0,1,0,0,0,0,0
64,8,1,222,31,0,1192,2,2009-02-10,1,35,245,24,0,0,1,0,0,1,0,0,0,0
65,7,2,405,35,0,2513,2,2009-02-10,0,25,651,20,0,0,1,0,0,1,1,1,1,1
66,7,2,101,18,0,2155,2,2009-02-10,0,54,209,25,0,0,1,0,0,1,0,0,0,0
67,6,4,228,21,0,1411,2,2009-02-10,0,47,591,27,0,0,1,0,0,1,0,0,0,0
68,958,67,212,4841,0,142635,2,2009-02-10,0,23,364,23,0,0,1,0,1,0,0,0,0,0
69,5,11,263,25,0,5321,2,2009-02-11,1,36,313,27,0,0,1,0,0,1,0,0,0,0
70,5,8,164,33,0,7588,2,2009-02-11,0,46,491,16,0,0,1,0,1,0,0,0,0,0
71,8,5,112,24,0,1283,2,2009-02-11,0,31,502,21,0,0,1,0,0,1,0,0,0,0
72,75,6,463,310,0,16392,2,2009-02-11,0,22,275,22,0,0,1,0,0,1,0,0,0,0
73,38,20,133,64,0,15794,2,2009-02-12,1,47,385,26,0,0,1,0,1,0,0,0,0,0
74,10,8,76,21,0,1747,2,2009-02-12,0,14,226,31,0,0,1,0,1,0,0,0,0,0
75,18,5,8,87,0,6949,2,2009-02-12,0,26,70,6,0,0,1,0,0,1,0,0,0,0
76,28,8,239,84,0,8531,2,2009-02-12,0,23,572,23,0,0,1,0,0,1,0,0,0,0
77,14,31,80,44,0,2864,2,2009-02-12,0,41,381,21,0,0,1,0,1,0,0,0,0,0
78,23,20,137,53,0,15536,2,2009-02-13,1,42,373,27,0,0,1,0,0,1,0,0,0,0
79,3,12,41,25,0,2526,2,2009-02-13,0,53,368,30,0,0,1,0,0,1,0,0,0,0
80,7,7,251,41,0,5050,2,2009-02-13,0,35,341,24,0,0,1,0,0,1,0,0,0,0
81,5,5,147,25,0,2968,2,2009-02-13,0,40,278,29,0,0,1,0,1,0,0,0,0,0
82,10,8,570,44,0,6869,2,2009-02-13,0,44,516,23,0,0,1,0,1,0,0,0,0,0
83,3,8,25,28,0,1711,2,2009-02-14,1,30,73,4,0,0,1,0,0,0,0,0,0,0
84,13,11,167,32,0,5209,2,2009-02-15,1,26,658,35,0,0,1,0,0,1,0,0,0,0
85,42,12,115,267,0,20535,2,2009-02-15,0,10,233,22,0,0,1,0,1,0,0,0,0,0
86,8,4,409,30,0,2377,2,2009-02-16,1,31,897,30,0,0,1,0,1,0,0,0,0,0
87,5,2,149,30,0,3667,2,2009-02-16,0,34,524,32,0,0,1,0,1,0,0,0,0,0
88,135,27,526,172,0,61015,2,2009-02-16,0,23,1180,40,0,0,1,1,0,0,0,0,0,0
89,21,14,335,66,0,30962,2,2009-02-16,0,45,1341,29,0,0,1,0,0,1,0,0,0,0
90,50,11,375,142,0,8170,2,2009-02-17,1,50,867,37,0,0,1,0,0,1,0,0,0,0
91,19,3,446,52,0,8643,2,2009-02-18,1,34,736,37,0,0,1,0,1,0,0,0,0,0
92,13,7,156,47,0,3274,2,2009-02-18,0,38,299,22,0,0,1,0,0,1,0,0,0,0
93,15,4,114,43,0,3909,2,2009-02-18,0,26,595,29,0,0,1,0,0,1,0,0,0,0
94,14,10,305,45,0,7465,2,2009-02-19,1,34,1448,3,0,0,1,0,0,1,0,0,0,0
95,3,5,119,17,0,1718,2,2009-02-19,0,44,369,27,0,0,1,0,0,1,0,0,0,0
96,16,8,359,55,0,7414,2,2009-02-19,0,30,1488,18,0,0,1,0,1,0,0,0,0,0
97,17,4,173,47,0,2247,2,2009-02-19,0,45,466,31,0,0,1,0,1,0,0,0,0,0
98,39,4,374,204,0,8929,2,2009-02-20,1,21,305,29,0,0,1,0,0,1,0,0,0,0
99,14,3,287,29,0,2363,2,2009-02-20,0,21,179,25,0,0,1,0,0,1,0,0,0,0
100,19,6,25,85,0,6600,2,2009-02-21,1,48,66,24,0,0,1,0,0,1,0,0,0,0
101,43,11,277,109,0,16215,2,2009-02-21,0,20,2066,27,0,0,1,0,0,1,0,0,0,0
102,22,3,199,52,0,2917,2,2009-02-21,0,15,460,29,0,0,1,1,0,0,0,0,0,0
103,40,15,299,158,0,22505,2,2009-02-21,0,39,788,34,0,0,1,1,0,0,0,0,0,0
104,9,3,210,25,0,1750,2,2009-02-22,1,55,330,31,0,0,1,0,1,0,0,0,0,0
105,29,2,31,85,0,6024,2,2009-02-22,0,41,18,7,0,0,1,1,0,0,0,0,0,0
106,46,3,371,159,0,10251,2,2009-02-22,0,31,562,29,0,0,1,0,0,1,0,0,0,0
107,26,5,33,93,0,8869,2,2009-02-22,0,27,76,16,0,0,1,1,0,0,0,0,0,0
108,56,8,366,218,0,14303,2,2009-02-23,1,28,1193,27,0,0,1,0,1,0,0,0,0,0
109,23,9,427,87,0,11847,2,2009-02-23,0,26,79,4,0,0,1,0,1,0,0,0,0,0
110,44,11,141,73,0,10266,2,2009-02-23,0,50,381,44,0,0,1,0,1,0,0,0,0,0
111,18,10,199,53,0,6505,2,2009-02-23,0,33,369,33,0,0,1,0,0,1,0,0,0,0
112,34,3,236,142,0,11868,2,2009-02-24,1,10,240,29,0,0,1,0,0,1,0,0,0,0
113,48,10,16,143,0,12089,2,2009-02-25,1,21,202,48,0,0,1,0,0,1,0,0,0,0
114,17,5,246,58,0,3468,2,2009-02-25,0,41,497,30,0,0,1,0,1,0,0,0,0,0
115,20,9,65,129,0,15662,2,2009-02-27,2,26,131,6,0,0,1,0,0,1,0,0,0,0
116,15,7,472,48,0,4441,2,2009-02-28,1,42,432,35,0,0,1,0,0,1,0,0,0,0
117,42,13,131,90,0,4499,3,2009-03-03,3,26,67,31,1,0,0,0,0,1,0,0,0,0
118,10,4,326,33,0,1697,3,2009-03-03,0,30,358,27,1,0,0,0,1,0,0,0,0,0
119,9,5,178,35,0,3356,3,2009-03-04,1,40,934,32,1,0,0,0,0,1,0,0,0,0
120,44,15,8,83,0,21989,3,2009-03-04,0,40,277,31,1,0,0,0,1,0,0,0,0,0
121,17,1,24,34,0,1790,3,2009-03-05,1,26,109,8,1,0,0,0,0,1,0,0,0,0
122,59,9,317,210,0,20625,3,2009-03-06,1,45,457,28,1,0,0,0,0,1,0,0,0,0
123,37,31,181,122,0,26801,3,2009-03-07,1,52,219,16,1,0,0,1,0,0,0,0,0,0
124,15,2,278,30,0,1354,3,2009-03-08,1,48,250,42,1,0,0,0,0,1,0,0,0,0
125,26,4,215,71,0,4109,3,2009-03-10,2,33,380,36,1,0,0,0,1,0,0,0,0,0
126,34,3,90,105,0,4939,3,2009-03-11,1,12,143,24,1,0,0,0,0,1,0,0,0,0
127,21,3,258,100,0,17083,3,2009-03-11,0,36,456,24,1,0,0,0,1,0,0,0,0,0
128,32,3,171,71,0,8131,3,2009-03-12,1,45,351,26,1,0,0,0,1,0,0,0,0,0
129,30,4,32,116,0,4673,3,2009-03-13,1,12,1503,3,1,0,0,0,1,0,0,0,0,0
130,23,12,242,56,0,16371,3,2009-03-14,1,32,315,20,1,0,0,1,0,0,0,0,0,0
131,15,5,301,53,0,10681,3,2009-03-14,0,38,336,21,1,0,0,0,1,0,0,0,0,0
132,16,4,79,28,0,1452,3,2009-03-15,1,61,266,27,1,0,0,0,0,1,0,0,0,0
133,12,3,128,36,0,3602,3,2009-03-17,2,32,322,26,1,0,0,0,1,0,0,0,0,0
134,64,6,241,168,0,7819,3,2009-03-18,1,33,241,15,1,0,0,0,1,0,0,0,0,0
135,35,17,326,137,0,10698,3,2009-03-19,1,44,477,25,1,0,0,0,0,1,0,0,0,0
136,7,3,32,30,0,1696,3,2009-03-19,0,49,363,20,1,0,0,0,1,0,0,0,0,0
137,5,3,218,21,0,1917,3,2009-03-21,2,38,454,19,1,0,0,0,0,1,0,0,0,0
138,25,4,73,171,0,11285,3,2009-03-21,0,10,153,17,1,0,0,0,0,1,0,0,0,0
139,15,5,217,87,0,6932,3,2009-03-23,2,51,428,17,1,0,0,0,1,0,0,0,0,0
140,10,4,192,67,0,2326,3,2009-03-25,2,31,261,28,1,0,0,0,1,0,0,0,0,0
141,27,14,146,96,0,13568,3,2009-03-25,0,33,316,15,1,0,0,0,0,1,0,0,0,0
142,10,7,242,77,0,4767,3,2009-03-26,1,46,963,20,1,0,0,0,0,1,0,0,0,0
143,18,15,184,39,0,12937,3,2009-03-28,2,30,608,24,1,0,0,0,0,1,0,0,0,0
144,9,3,258,49,0,4321,3,2009-03-29,1,22,616,23,1,0,0,0,1,0,0,0,0,0
145,35,7,97,207,0,17510,3,2009-03-29,0,48,409,23,1,0,0,0,0,1,0,0,0,0
146,7,3,271,57,0,5400,3,2009-03-29,0,45,814,19,1,0,0,1,0,0,1,1,1,1
147,11,2,280,43,0,1559,3,2009-03-29,0,48,547,33,1,0,0,1,0,0,0,0,0,0
148,30,3,221,121,0,8372,3,2009-03-30,1,35,566,29,1,0,0,0,0,0,0,0,0,0
149,13,3,298,72,0,8691,3,2009-03-31,1,49,919,14,1,0,0,0,0,1,1,1,1,1
150,20,1,268,55,0,4644,3,2009-03-31,0,38,933,27,1,0,0,0,1,0,0,0,0,0
151,13,2,227,66,0,4479,4,2009-04-01,1,41,400,12,0,0,0,0,1,0,0,0,0,0
152,12,2,201,50,0,4907,4,2009-04-02,1,21,456,30,0,0,0,0,1,0,0,0,0,0
153,13,6,337,64,0,8849,4,2009-04-03,1,43,610,19,0,0,0,0,1,0,0,0,0,0
154,9,2,212,67,0,3419,4,2009-04-04,1,34,480,23,0,0,0,0,0,1,0,0,0,0
155,14,7,152,75,0,4406,4,2009-04-04,0,36,353,21,0,0,0,0,1,0,0,0,0,0
156,25,4,348,87,0,8486,4,2009-04-07,3,47,1183,28,0,0,0,0,0,1,1,1,1,1
157,14,6,290,75,0,3927,4,2009-04-07,0,37,539,25,0,0,0,0,1,0,0,0,0,0
158,23,4,167,117,0,7273,4,2009-04-08,1,43,400,25,0,0,0,0,1,0,0,0,0,0
159,14,6,284,60,0,4529,4,2009-04-10,2,51,888,27,0,0,0,0,1,0,0,0,0,0
160,27,7,233,123,0,11580,4,2009-04-12,2,43,374,31,0,0,0,0,0,1,0,0,0,0
161,74,6,223,518,0,26528,4,2009-04-12,0,16,199,29,0,0,0,0,1,0,0,0,0,0
162,79,9,351,276,0,21614,4,2009-04-13,1,41,373,37,0,0,0,0,0,1,0,0,0,0
163,31,5,257,109,0,10376,4,2009-04-16,3,62,954,35,0,0,0,0,1,0,1,1,1,1
164,6,2,283,40,0,3391,4,2009-04-18,2,47,872,31,0,0,0,0,0,1,0,0,0,0
165,23,8,147,82,0,4809,4,2009-04-18,0,37,459,25,0,0,0,1,0,0,0,0,0,0
166,24,27,211,106,0,15833,4,2009-04-19,1,23,739,29,0,0,0,0,1,0,1,1,1,1
167,224,220,220,982,0,375080,4,2009-04-21,2,40,1185,28,0,0,0,0,0,1,0,0,0,0
168,12,7,264,64,0,5398,4,2009-04-21,0,38,904,24,0,0,0,0,1,0,1,1,1,1
169,20,19,154,94,0,18546,4,2009-04-22,1,30,313,28,0,0,0,0,1,0,0,0,0,0
170,22,14,206,55,0,8728,4,2009-04-23,1,30,552,18,0,0,0,0,1,0,0,0,0,0
171,16,5,165,67,0,3004,4,2009-04-25,2,40,592,29,0,0,0,0,0,1,0,0,0,0
172,14,4,247,31,0,1886,4,2009-04-26,1,44,1051,30,0,0,0,1,0,0,1,1,1,1
173,23,15,206,43,0,7245,4,2009-04-27,1,47,616,31,0,0,0,0,0,1,0,0,0,0
174,22,14,243,102,0,4879,4,2009-04-28,1,49,516,22,0,0,0,0,1,0,0,0,0,0
175,12,7,304,72,0,6820,4,2009-04-30,2,49,805,26,0,0,0,0,0,1,1,1,1,1
176,19,4,192,70,0,3538,5,2009-05-01,1,43,310,20,0,0,0,0,0,0,0,0,0,0
177,20,8,165,69,0,2290,5,2009-05-02,1,38,510,21,0,0,0,0,1,0,0,0,0,0
178,8,6,233,55,0,1731,5,2009-05-03,1,43,370,19,0,0,0,1,0,0,0,0,0,0
179,12,6,289,56,0,3004,5,2009-05-04,1,20,803,20,0,0,0,0,1,0,0,0,0,0
180,13,6,317,57,0,4542,5,2009-05-06,2,48,795,26,0,0,0,0,0,1,1,1,1,1
181,15,2,180,69,0,3852,5,2009-05-08,2,42,628,23,0,0,0,0,0,1,0,0,0,0
182,17,8,255,61,0,2233,5,2009-05-09,1,44,639,19,0,0,0,0,1,0,0,0,0,0
183,17,3,199,70,0,6862,5,2009-05-10,1,34,711,23,0,0,0,1,0,0,0,0,0,0
184,47,34,281,149,0,65903,5,2009-05-12,2,45,552,32,0,0,0,0,1,0,0,0,0,0
185,12,5,396,77,0,3982,5,2009-05-14,2,32,1131,17,0,0,0,0,0,1,1,1,1,1
186,14,3,424,110,0,2696,5,2009-05-14,0,34,332,20,0,0,0,0,1,0,0,0,0,0
187,16,7,219,69,0,2163,5,2009-05-18,4,39,727,24,0,0,0,0,1,0,0,0,0,0
188,38,5,276,106,0,14745,5,2009-05-20,2,42,377,25,0,0,0,0,0,1,0,0,0,0
189,259,139,215,594,0,120794,5,2009-05-21,1,37,343,22,0,0,0,0,0,0,0,0,0,0
190,216,21,311,869,0,41904,5,2009-05-23,2,16,530,12,0,0,0,0,1,0,0,0,0,0
191,32,12,257,114,0,10093,5,2009-05-25,2,31,1041,19,0,0,0,1,0,0,1,1,1,1
192,17,5,325,69,0,1995,5,2009-05-26,1,42,880,19,0,0,0,0,1,0,0,0,0,0
193,27,14,312,125,0,11527,5,2009-05-27,1,48,571,21,0,0,0,0,1,0,0,0,0,0
194,220,39,282,423,0,26644,5,2009-05-29,2,44,527,29,0,0,0,0,1,0,0,0,0,0
195,30,5,328,94,0,3087,5,2009-05-30,1,25,636,24,0,0,0,0,1,0,1,1,1,1
196,14,3,337,59,0,2348,5,2009-05-31,1,45,829,20,0,0,0,0,1,0,0,0,0,0
197,30,4,242,83,0,3750,6,2009-06-01,1,20,726,13,0,1,0,0,1,0,0,0,0,0
198,146,12,195,155,0,7015,6,2009-06-02,1,24,254,36,0,1,0,0,1,0,0,0,0,0
199,10,4,291,77,0,2261,6,2009-06-03,1,40,724,20,0,1,0,0,1,0,0,0,0,0
200,19,9,379,107,0,26145,6,2009-06-05,2,47,441,18,0,1,0,0,0,1,0,0,0,0
201,28,6,284,102,0,7644,6,2009-06-05,0,37,691,20,0,1,0,0,1,0,1,1,1,1
202,18,1,268,72,0,4751,6,2009-06-08,3,38,753,25,0,1,0,0,1,0,0,0,0,0
203,201,42,241,501,0,36508,6,2009-06-09,1,27,330,24,0,1,0,0,1,0,0,0,0,0
204,43,11,285,153,0,7059,6,2009-06-11,2,26,407,33,0,1,0,0,1,0,0,0,0,0
205,109,12,213,620,0,29087,6,2009-06-13,2,16,72,20,0,1,0,0,0,1,0,0,0,0
206,18,5,12,116,0,5334,6,2009-06-14,1,17,315,11,0,1,0,1,0,0,0,0,0,0
207,20,11,131,102,0,1954,6,2009-06-15,1,28,300,24,0,1,0,0,1,0,0,0,0,0
208,48,20,169,382,0,13466,6,2009-06-16,1,37,630,28,0,1,0,0,1,0,1,1,1,1
209,14,10,258,134,0,14764,6,2009-06-17,1,31,329,25,0,1,0,1,0,0,0,0,0,0
210,17,5,335,85,0,6473,6,2009-06-18,1,36,820,36,0,1,0,1,0,0,0,0,0,0
211,75,20,177,151,0,22512,6,2009-06-20,2,35,57,14,0,1,0,0,1,0,0,0,0,0
212,40,22,197,145,0,30500,6,2009-06-20,0,33,381,30,0,1,0,0,0,1,0,0,0,0
213,55,14,173,179,0,6908,6,2009-06-22,2,35,239,28,0,1,0,0,1,0,0,0,0,0
214,41,14,203,185,0,9142,6,2009-06-23,1,22,118,25,0,1,0,0,1,0,0,0,0,0
215,9,3,188,74,0,4619,6,2009-06-24,1,39,350,35,0,1,0,1,0,0,0,0,0,0
216,27,10,273,127,0,11307,6,2009-06-26,2,50,373,39,0,1,0,1,0,0,0,0,0,0
217,16,5,183,71,0,5004,6,2009-06-28,2,30,244,23,0,1,0,1,0,0,0,0,0,0
218,17,3,287,84,0,2422,6,2009-06-30,2,32,146,16,0,1,0,1,0,0,0,0,0,0
219,22,4,228,154,0,7304,7,2009-07-02,2,49,1111,21,0,1,0,0,1,0,1,1,1,1
220,27,4,220,78,0,5355,7,2009-07-04,2,35,203,28,0,1,0,1,0,0,0,0,0,0
221,36,6,263,160,0,6922,7,2009-07-06,2,28,553,20,0,1,0,0,0,0,0,0,0,0
222,85,27,247,324,0,43323,7,2009-07-08,2,25,422,16,0,1,0,0,1,0,0,0,0,0
223,31,4,274,64,0,17261,7,2009-07-09,1,41,394,28,0,1,0,0,0,1,0,0,0,0
224,64,32,254,304,0,13011,7,2009-07-12,3,16,97,15,0,1,0,1,0,0,0,0,0,0
225,80,10,316,116,0,14889,7,2009-07-15,3,46,389,21,0,1,0,0,0,0,0,0,0,0
226,83,11,116,267,0,17312,7,2009-07-19,4,52,186,16,0,1,0,0,0,1,0,0,0,0
227,12,5,266,74,0,3181,7,2009-07-20,1,23,97,9,0,1,0,0,1,0,1,1,1,1
228,45,5,380,99,0,15857,7,2009-07-23,3,38,110,10,0,1,0,0,1,0,0,0,0,0
229,14,2,222,79,0,7245,7,2009-07-23,0,28,303,21,0,1,0,0,0,1,0,0,0,0
230,24,7,179,70,0,3664,7,2009-07-27,4,41,37,19,0,1,0,0,0,1,0,0,0,0
231,101,8,270,566,0,34817,7,2009-07-29,2,16,139,16,0,1,0,0,0,1,0,0,0,0
232,24,6,25,82,0,5108,8,2009-08-02,4,20,53,8,0,1,0,1,0,0,0,0,0,0
233,155,12,254,183,0,22320,8,2009-08-04,2,40,234,14,0,1,0,0,1,0,0,0,0,0
234,24,9,337,87,0,4666,8,2009-08-09,5,21,103,19,0,1,0,1,0,0,0,0,0,0
235,34,27,208,241,0,30469,8,2009-08-12,3,37,112,20,0,1,0,0,1,0,0,0,0,0
236,154,23,307,448,0,30677,8,2009-08-14,2,29,479,30,0,1,0,1,0,0,0,0,0,0
237,25,8,337,76,0,5772,8,2009-08-16,2,34,128,12,0,1,0,1,0,0,0,0,0,0
238,24,16,349,141,0,32237,8,2009-08-20,4,37,423,45,0,1,0,0,1,0,0,0,0,0
239,37,6,116,61,0,16828,8,2009-08-22,2,55,1283,56,0,1,0,1,0,0,0,0,0,0
240,32,10,329,112,0,10706,8,2009-08-24,2,24,268,12,0,1,0,0,1,0,0,0,0,0
241,55,8,48,116,0,11170,8,2009-08-26,2,25,254,25,0,1,0,0,1,0,0,0,0,0
242,15,6,184,48,0,3708,8,2009-08-29,3,48,328,34,0,1,0,1,0,0,0,0,0,0
243,12,17,237,44,0,2491,8,2009-08-31,2,27,404,20,0,1,0,0,1,0,0,0,0,0
244,26,4,203,94,0,5254,9,2009-09-03,3,23,233,24,1,0,0,0,1,0,0,0,0,0
245,66,15,173,135,0,9108,9,2009-09-06,3,30,672,71,1,0,0,1,0,0,0,0,0,0
246,67,16,214,143,0,10954,9,2009-09-12,6,34,283,11,1,0,0,0,1,0,0,0,0,0
247,129,18,250,504,0,25227,9,2009-09-13,1,25,310,43,1,0,0,1,0,0,0,0,0,0
248,92,19,233,314,0,35300,10,2009-10-02,19,38,310,43,1,0,0,0,1,0,0,0,0,0
249,53,14,214,145,0,11565,10,2009-10-04,2,23,216,11,1,0,0,0,1,0,1,1,1,1
250,46,14,77,164,0,16523,10,2009-10-07,3,35,198,12,1,0,0,0,1,0,0,0,0,0
251,10880,1028,199,54616,0,1765735,10,2009-10-09,2,16,24,14,1,0,0,0,1,0,0,0,0,0
252,2326,74,471,10996,0,264444,10,2009-10-11,2,29,136,28,1,0,0,0,1,0,1,1,1,1
253,39,8,151,71,0,5336,10,2009-10-12,1,16,131,18,1,0,0,0,1,0,1,1,1,1
254,216,13,99,470,0,32844,10,2009-10-15,3,5,55,17,1,0,0,0,1,0,0,0,0,0
255,88,15,171,372,0,52834,10,2009-10-16,1,31,206,19,1,0,0,0,1,0,0,0,0,0
256,53,5,261,128,0,9994,10,2009-10-19,3,28,60,16,1,0,0,0,1,0,1,1,1,1
257,39,10,154,96,0,7399,10,2009-10-22,3,28,152,19,1,0,0,0,1,0,0,0,0,0
258,133,44,70,244,0,11540,10,2009-10-23,1,40,257,21,1,0,0,0,1,0,0,0,0,0
259,266,95,192,923,0,41657,10,2009-10-25,2,13,153,55,1,0,0,1,0,0,0,0,0,0
260,78,19,99,117,0,20036,11,2009-11-06,12,26,68,27,1,0,0,0,1,0,1,1,1,1
261,34,13,176,105,0,8096,11,2009-11-07,1,25,508,18,1,0,0,0,1,0,0,0,0,0
262,59,16,228,105,0,13550,11,2009-11-10,3,42,324,28,1,0,0,0,0,1,0,0,0,0
263,46,10,167,148,0,12621,11,2009-11-13,3,47,163,21,1,0,0,0,0,1,0,0,0,0
264,191,30,480,547,0,77054,11,2009-11-16,3,35,52,16,1,0,0,0,0,1,0,0,0,0
265,53,22,183,113,0,15729,11,2009-11-17,1,24,99,16,1,0,0,0,1,0,0,0,0,0
266,72,27,345,190,0,8348,11,2009-11-24,7,37,59,59,1,0,0,0,0,1,0,0,0,0
267,27,15,35,181,0,14762,11,2009-11-29,5,18,39,6,1,0,0,0,0,1,0,0,0,0
268,77,11,298,138,0,9109,12,2009-12-02,3,31,72,22,1,0,0,0,1,0,0,0,0,0
269,32,6,236,89,0,10752,12,2009-12-03,1,40,91,24,1,0,0,0,1,0,0,0,0,0
270,58,8,259,185,0,18827,12,2009-12-06,3,34,72,20,1,0,0,1,0,0,1,1,1,1
271,108,6,166,253,0,11925,12,2009-12-14,8,37,342,27,1,0,0,0,1,0,0,0,0,0
272,22,9,168,83,0,7252,12,2009-12-18,4,37,311,20,1,0,0,0,1,0,0,0,0,0
273,45,16,188,128,0,8966,12,2009-12-22,4,29,66,26,1,0,0,0,1,0,0,0,0,0
274,30,5,126,81,0,6478,12,2009-12-27,5,23,156,23,1,0,0,0,1,0,0,0,0,0
275,41,21,252,200,0,25690,12,2009-12-31,4,33,106,16,1,0,0,1,0,0,0,0,0,0
276,58,31,324,153,0,47942,1,2010-01-06,6,21,1074,53,0,0,1,0,1,0,0,0,0,0
277,75,28,73,312,0,86484,1,2010-01-11,5,26,109,26,0,0,1,0,1,0,1,1,1,1
278,220,62,200,649,0,151090,1,2010-01-18,7,34,202,30,0,0,1,1,0,0,0,0,0,0
279,34,3,188,51,0,5159,1,2010-01-23,5,33,105,25,0,0,1,1,0,0,0,0,0,0
280,26,7,160,102,0,9079,1,2010-01-28,5,24,190,32,0,0,1,0,0,1,0,0,0,0
281,32,15,86,95,0,8476,2,2010-02-16,19,16,274,18,0,0,1,0,1,0,0,0,0,0
282,48,19,164,281,0,17385,2,2010-02-23,7,21,68,64,0,0,1,0,1,0,1,1,1,1
283,50,29,64,111,0,14484,3,2010-03-11,16,35,325,29,1,0,0,0,1,0,0,0,0,0
284,30,6,47,70,0,8494,3,2010-03-21,10,30,177,17,1,0,0,0,1,0,0,0,0,0
285,56,14,7,140,0,14089,4,2010-04-13,23,15,104,16,0,0,0,0,1,0,0,0,0,0
286,1067,301,309,2516,0,509595,4,2010-04-25,12,27,675,29,0,0,0,0,0,1,1,1,1,1
287,104,8,292,227,0,33165,4,2010-04-28,3,43,516,31,0,0,0,0,1,0,1,1,1,1
288,87,10,350,206,0,33648,5,2010-05-07,9,29,128,24,0,0,0,0,0,1,1,1,1,1
289,113,44,282,296,0,66011,5,2010-05-11,4,52,288,21,0,0,0,0,1,0,1,1,1,1
290,19,5,303,54,0,5776,5,2010-05-18,7,35,205,24,0,0,0,0,1,0,1,1,1,1
291,210,91,228,617,0,188873,5,2010-05-25,7,30,271,24,0,0,0,0,1,0,1,1,1,1
292,100,14,204,421,0,67874,6,2010-06-03,9,40,100,34,0,1,0,0,1,0,1,1,1,1
293,76,6,398,140,0,18284,6,2010-06-08,5,20,204,19,0,1,0,0,0,1,0,0,0,0
294,62,4,312,138,0,16345,6,2010-06-11,3,24,288,25,0,1,0,0,1,0,0,0,0,0
295,31,8,123,115,0,4063,6,2010-06-16,5,32,193,21,0,1,0,0,1,0,0,0,0,0
296,41,14,150,107,0,28735,6,2010-06-21,5,39,305,21,0,1,0,0,1,0,0,0,0,0
297,32,9,178,203,0,42413,6,2010-06-27,6,14,164,23,0,1,0,1,0,0,0,0,0,0
298,985,162,385,2212,0,320614,7,2010-07-17,20,26,182,30,0,1,0,1,0,0,1,1,1,1
299,33,3,173,85,0,9406,7,2010-07-20,3,32,306,22,0,1,0,0,1,0,1,1,1,1
300,16,6,268,71,0,5687,7,2010-07-26,6,37,322,27,0,1,0,1,0,0,1,1,1,1
301,60,10,376,214,0,17157,7,2010-07-28,2,26,263,18,0,1,0,1,0,0,1,1,1,1
302,17,3,264,61,0,3741,8,2010-08-11,14,17,395,40,0,1,0,1,0,0,1,1,1,1
303,27,14,155,171,0,3724,8,2010-08-16,5,44,322,23,0,1,0,1,0,0,0,0,0,0
304,28,3,249,140,0,14689,8,2010-08-26,10,47,355,33,0,1,0,0,1,0,1,1,1,1
305,33,2,117,127,0,11655,9,2010-09-03,8,38,360,33,1,0,0,0,1,0,0,0,0,0
306,19,6,221,54,0,5191,9,2010-09-07,4,31,227,17,1,0,0,0,1,0,0,0,0,0
307,20,6,149,130,0,2849,9,2010-09-10,3,43,369,41,1,0,0,0,1,0,0,0,0,0
308,15,3,142,103,0,3373,9,2010-09-17,7,41,281,46,1,0,0,0,1,0,0,0,0,0
309,23,8,173,63,0,3275,9,2010-09-21,4,24,186,23,1,0,0,0,1,0,1,1,1,1
310,20,8,208,128,0,10739,9,2010-09-24,3,25,178,22,1,0,0,0,1,0,1,1,1,1
311,103,14,220,509,0,36826,9,2010-09-26,2,28,376,46,1,0,0,0,1,0,1,1,1,1
312,68,4,267,204,0,19433,9,2010-09-28,2,36,555,69,1,0,0,0,1,0,0,0,0,0
313,59,7,209,164,0,15837,10,2010-10-08,10,34,498,45,1,0,0,0,1,0,0,0,0,0
314,238,10,81,680,0,48125,10,2010-10-13,5,31,436,36,1,0,0,0,1,0,0,0,0,0
315,26,1,224,65,0,4021,10,2010-10-18,5,27,261,33,1,0,0,0,1,0,0,0,0,0
316,181,41,88,983,0,90191,10,2010-10-27,9,27,99,25,1,0,0,0,1,0,0,0,0,0
317,41,5,61,153,0,16594,10,2010-10-31,4,28,122,7,1,0,0,0,1,0,0,0,0,0
318,127,22,247,1147,0,58002,11,2010-11-04,4,23,225,28,1,0,0,0,0,1,0,0,0,0
319,577,84,277,2698,0,184891,11,2010-11-08,4,18,229,30,1,0,0,0,1,0,0,0,0,0
320,68,19,162,309,0,36022,11,2010-11-12,4,26,252,47,1,0,0,0,1,0,0,0,0,0
321,134,10,238,488,0,24251,11,2010-11-17,5,37,264,35,1,0,0,0,1,0,1,1,1,1
322,68,15,93,275,0,47873,11,2010-11-18,1,24,612,46,1,0,0,0,1,0,0,0,0,0
323,284,140,212,4337,0,208529,11,2010-11-21,3,30,456,44,1,0,0,1,0,0,1,1,1,1
324,212,130,142,1246,0,62238,11,2010-11-22,1,36,594,41,1,0,0,0,1,0,0,0,0,0
325,89,16,180,276,0,14583,11,2010-11-25,3,24,312,46,1,0,0,1,0,0,0,0,0,0
326,48,13,452,160,0,13954,11,2010-11-28,3,42,629,28,1,0,0,1,0,0,0,0,0,0
327,176,25,331,1358,0,87360,12,2010-12-05,7,23,255,24,1,0,0,0,1,0,0,0,0,0
328,117,137,90,190,0,27914,12,2010-12-08,3,28,292,37,1,0,0,0,0,1,0,0,0,0
329,216,32,116,2867,0,98144,12,2010-12-12,4,16,480,8,1,0,0,0,1,0,0,0,0,0
330,97,17,250,837,0,33801,12,2010-12-19,7,27,393,35,1,0,0,0,1,0,0,0,0,0
331,61,5,150,254,0,18813,12,2010-12-21,2,34,730,18,1,0,0,0,1,0,0,0,0,0
332,336,8,58,428,0,22395,12,2010-12-24,3,21,275,9,1,0,0,0,1,0,0,0,0,0
333,72,14,151,268,0,31286,12,2010-12-27,3,29,329,28,1,0,0,0,1,0,0,0,0,0
334,85,38,150,451,0,52829,12,2010-12-28,1,33,188,42,1,0,0,0,1,0,1,1,1,1
335,1086,186,124,13094,0,279061,12,2010-12-30,2,8,295,18,1,0,0,1,0,0,0,0,0,0
336,242,99,129,481,0,60116,1,2011-01-06,7,29,250,10,0,0,1,0,0,1,1,1,1,1
337,152,14,124,412,0,37757,1,2011-01-08,2,25,554,28,0,0,1,0,1,0,0,0,0,0
338,198,34,158,1237,0,75301,1,2011-01-11,3,33,245,30,0,0,1,0,1,0,0,0,0,0
339,72,11,292,1050,0,51592,1,2011-01-15,4,23,229,15,0,0,1,0,1,0,0,0,0,0
340,211,31,182,2483,0,106599,1,2011-01-19,4,22,265,10,0,0,1,0,0,1,1,1,1,1
341,255,44,139,1246,0,44427,1,2011-01-20,1,28,216,11,0,0,1,0,1,0,0,0,0,0
342,199,44,105,3721,0,66160,1,2011-01-23,3,23,153,18,0,0,1,1,0,0,0,0,0,0
343,455,9,55,444,0,29827,8,2011-08-06,195,19,244,15,0,1,0,0,1,0,0,0,0,0
344,3566,224,217,24472,0,899447,8,2011-08-08,2,31,365,15,0,1,0,0,1,0,1,1,1,1
345,67,10,215,293,0,21591,8,2011-08-11,3,34,231,44,0,1,0,0,1,0,1,1,1,1
346,44,3,57,318,0,6623,8,2011-08-12,1,24,241,13,0,1,0,0,1,0,1,1,1,1
347,1112,47,143,6724,0,114189,8,2011-08-16,4,23,217,6,0,1,0,0,1,0,0,0,0,0
348,84,16,275,160,0,30310,8,2011-08-18,2,37,462,37,0,1,0,0,1,0,1,1,1,1
349,196,29,262,2187,0,51531,8,2011-08-20,2,24,184,6,0,1,0,1,0,0,1,1,1,1
350,114,14,220,1443,0,47732,8,2011-08-24,4,34,181,21,0,1,0,0,1,0,1,1,1,1
351,29,59,93,174,0,25209,8,2011-08-27,3,18,109,11,0,1,0,1,0,0,0,0,0,0
352,1679,86,153,4540,0,194281,8,2011-08-29,2,15,170,8,0,1,0,1,0,0,0,0,0,0
353,89,12,110,597,0,15175,8,2011-08-30,1,13,235,15,0,1,0,0,1,0,0,0,0,0
354,1773,83,167,5581,0,282995,9,2011-09-02,3,26,421,7,1,0,0,0,1,0,1,1,1,1
355,132,44,273,798,0,57790,9,2011-09-04,2,25,231,26,1,0,0,1,0,0,1,1,1,1
356,32,8,198,237,0,12289,9,2011-09-07,3,27,205,10,1,0,0,1,0,0,1,1,1,1
357,517,84,315,2527,0,195454,9,2011-09-09,2,50,409,22,1,0,0,1,0,0,0,0,0,0
358,103,97,45,858,0,85351,9,2011-09-12,3,25,52,7,1,0,0,0,1,0,0,0,0,0
359,126,25,313,1552,0,31099,9,2011-09-15,3,22,351,19,1,0,0,1,0,0,0,0,0,0
360,29,4,169,88,0,6777,9,2011-09-19,4,29,192,11,1,0,0,1,0,0,1,1,1,1
361,1623,784,225,19034,0,558957,9,2011-09-22,3,29,627,12,1,0,0,0,1,0,0,0,0,0
362,178,19,161,2138,0,39551,9,2011-09-23,1,25,185,6,1,0,0,0,0,1,0,0,0,0
363,118,50,244,546,0,60846,9,2011-09-27,4,22,385,21,1,0,0,1,0,0,0,0,0,0
364,1219,3,108,426,0,8151,9,2011-09-30,3,51,326,12,1,0,0,0,1,0,0,0,0,0
365,280,73,319,2348,0,138456,10,2011-10-05,5,23,244,25,1,0,0,1,0,0,0,0,0,0
366,151,18,170,1592,0,39609,10,2011-10-09,4,16,283,3,1,0,0,0,1,0,0,0,0,0
367,125,32,159,1706,0,39988,10,2011-10-17,8,25,321,23,1,0,0,1,0,0,0,0,0,0
368,28,4,201,119,0,5033,10,2011-10-21,4,23,228,19,1,0,0,1,0,0,0,0,0,0
369,153,15,288,627,0,20489,10,2011-10-26,5,17,288,21,1,0,0,0,1,0,0,0,0,0
370,115,7,121,595,0,19796,10,2011-10-30,4,16,538,13,1,0,0,1,0,0,0,0,0,0
371,239,21,259,949,0,37146,11,2011-11-03,4,43,323,34,1,0,0,1,0,0,1,1,1,1
372,209,32,310,1531,0,35953,11,2011-11-05,2,38,314,34,1,0,0,0,1,0,1,1,1,1
373,223,12,235,1395,0,57406,11,2011-11-10,5,34,404,36,1,0,0,0,0,1,0,0,0,0
374,202,11,271,1457,0,61021,11,2011-11-15,5,26,329,38,1,0,0,1,0,0,1,1,1,1
375,139,15,159,593,0,21058,11,2011-11-20,5,36,600,19,1,0,0,0,1,0,1,1,1,1
376,1190,239,182,24002,0,645760,11,2011-11-22,2,20,622,14,1,0,0,0,1,0,0,0,0,0
377,54,14,168,497,0,51474,11,2011-11-28,6,32,306,20,1,0,0,1,0,0,0,0,0,0
378,177,10,162,868,0,25356,11,2011-11-30,2,18,405,23,1,0,0,1,0,0,0,0,0,0
379,160,11,259,693,0,37088,12,2011-12-03,3,41,542,20,1,0,0,0,1,0,1,1,1,1
380,282,31,290,1617,0,65868,12,2011-12-06,3,16,389,14,1,0,0,0,1,0,0,0,0,0
381,229,19,291,1141,0,60271,12,2011-12-08,2,39,387,18,1,0,0,0,1,0,0,0,0,0
382,271,169,252,3092,0,216595,12,2011-12-11,3,42,352,28,1,0,0,0,1,0,1,1,1,1
383,391,139,329,2831,0,191394,12,2011-12-14,3,30,678,18,1,0,0,0,1,0,0,0,0,0
384,691,207,180,11745,0,610933,12,2011-12-15,1,39,531,34,1,0,0,0,1,0,0,0,0,0
385,577,25,264,2780,0,124021,12,2011-12-15,0,19,375,21,1,0,0,1,0,0,1,1,1,1
386,451,32,381,3582,0,113528,12,2011-12-17,2,30,346,33,1,0,0,0,1,0,1,1,1,1
387,549,121,278,5793,0,184191,12,2011-12-18,1,17,378,33,1,0,0,0,1,0,0,0,0,0
388,723,100,237,4451,0,364310,12,2011-12-23,5,20,232,17,1,0,0,1,0,0,1,1,1,1
389,1769,221,487,9180,0,383010,12,2011-12-28,5,29,375,22,1,0,0,0,1,0,0,0,0,0
390,165,30,266,1081,0,49906,1,2012-01-01,4,24,233,26,0,0,1,0,1,0,0,0,0,0
391,476,110,233,9234,0,480861,1,2012-01-04,3,39,625,48,0,0,1,0,1,0,0,0,0,0
392,7083,1562,300,103340,0,2242047,1,2012-01-06,2,36,310,27,0,0,1,1,0,0,0,0,0,0
393,352,23,343,2253,0,63438,1,2012-01-08,2,28,334,25,0,0,1,0,1,0,0,0,0,0
394,402,70,166,8403,0,356789,1,2012-01-10,2,39,325,39,0,0,1,0,0,1,0,0,0,0
395,212,49,186,1359,0,77559,1,2012-01-12,2,21,467,12,0,0,1,1,0,0,0,0,0,0
396,629,85,294,7639,0,193436,1,2012-01-14,2,25,240,26,0,0,1,1,0,0,0,0,0,0
397,159,24,229,2006,0,33166,1,2012-01-16,2,23,171,15,0,0,1,0,1,0,0,0,0,0
398,1292,165,399,11937,0,643689,1,2012-01-19,3,47,590,59,0,0,1,0,1,0,0,0,0,0
399,410,34,254,2186,0,123817,1,2012-01-22,3,25,341,18,0,0,1,0,1,0,1,1,1,1
400,406,17,201,1759,0,106940,1,2012-01-27,5,22,226,13,0,0,1,0,1,0,0,0,0,0
401,2969,1178,189,26177,0,1542156,2,2012-02-01,5,36,247,33,0,0,1,0,0,1,0,0,0,0
402,140,15,85,495,0,16392,2,2012-02-05,4,24,320,10,0,0,1,0,0,1,0,0,0,0
403,942,91,388,6832,0,243080,2,2012-02-08,3,28,268,32,0,0,1,0,0,1,0,0,0,0
404,559,74,206,4819,0,272582,2,2012-02-10,2,29,413,12,0,0,1,0,1,0,1,1,1,1
405,1086,90,294,4330,0,129256,2,2012-02-14,4,36,240,14,0,0,1,0,1,0,0,0,0,0
406,1221,240,228,4824,0,390175,2,2012-02-18,4,32,287,18,0,0,1,0,1,0,0,0,0,0
407,344,75,167,1226,0,64640,2,2012-02-23,5,30,190,13,0,0,1,0,1,0,0,0,0,0
408,150,18,169,615,0,24980,2,2012-02-26,3,38,756,23,0,0,1,0,1,0,0,0,0,0
409,1387,123,387,7758,0,444554,2,2012-02-29,3,28,627,26,0,0,1,0,1,0,1,1,1,1
410,3623,681,289,26634,0,736864,3,2012-03-02,2,11,286,18,1,0,0,0,0,1,0,0,0,0
411,1308,145,353,9043,0,335555,3,2012-03-05,3,24,313,23,1,0,0,0,1,0,0,0,0,0
412,293,34,332,2337,0,58177,3,2012-03-09,4,41,310,26,1,0,0,0,1,0,0,0,0,0
413,885,143,218,7244,0,158636,3,2012-03-17,8,39,1003,29,1,0,0,0,1,0,0,0,0,0
414,840,72,322,5431,0,335852,3,2012-03-19,2,17,305,37,1,0,0,1,0,0,1,1,1,1
415,1467,458,322,13168,0,558579,3,2012-03-22,3,21,590,27,1,0,0,0,0,1,0,0,0,0
416,550,70,487,2966,0,220483,3,2012-03-28,6,21,439,35,1,0,0,0,0,1,1,1,1,1
417,502,54,275,2510,0,86741,3,2012-03-31,3,29,619,21,1,0,0,0,0,1,0,0,0,0
418,434,37,165,2579,0,137545,4,2012-04-06,6,35,419,24,0,0,0,0,0,1,0,0,0,0
419,1920,546,259,21182,0,811677,4,2012-04-11,5,22,268,37,0,0,0,1,0,0,0,0,0,0
420,298,45,215,1421,0,22310,4,2012-04-12,1,31,634,23,0,0,0,0,0,1,0,0,0,0
421,3322,411,320,25296,0,1063447,4,2012-04-16,4,17,297,13,0,0,0,0,1,0,0,0,0,0
422,352,32,200,1680,0,68416,4,2012-04-21,5,32,288,27,0,0,0,0,0,1,1,1,1,1
423,2110,144,529,7870,0,474448,4,2012-04-25,4,27,374,34,0,0,0,0,1,0,1,1,1,1
424,368,19,455,1759,0,39046,5,2012-05-01,6,31,763,36,0,0,0,0,0,1,0,0,0,0
425,1807,431,607,14254,0,1039155,5,2012-05-05,4,37,527,30,0,0,0,0,0,1,0,0,0,0
426,2317,203,419,11339,0,564503,5,2012-05-13,8,28,1086,32,0,0,0,0,1,0,0,0,0,0
427,911,75,273,3399,0,93092,5,2012-05-24,11,37,414,19,0,0,0,1,0,0,0,0,0,0
428,725,47,252,4128,0,75074,5,2012-05-26,2,26,513,26,0,0,0,0,1,0,1,1,1,1
429,400,25,318,1760,0,66413,5,2012-05-29,3,37,439,22,0,0,0,0,1,0,1,1,1,1
430,1986,798,355,16274,0,1438836,6,2012-06-04,6,26,477,29,0,1,0,1,0,0,0,0,0,0
431,1131,48,426,5706,0,178787,6,2012-06-11,7,22,392,40,0,1,0,0,1,0,1,1,1,1
432,4591,482,293,24581,0,897268,6,2012-06-16,5,24,335,2,0,1,0,0,0,1,0,0,0,0
433,814,28,164,2097,0,71193,6,2012-06-19,3,17,260,21,0,1,0,0,1,0,0,0,0,0
434,1927,957,240,11066,0,345886,6,2012-06-26,7,24,322,26,0,1,0,0,0,1,0,0,0,0
435,553,37,345,2784,0,80818,6,2012-06-28,2,29,574,15,0,1,0,0,0,1,0,0,0,0
436,1372,125,439,7149,0,510738,6,2012-06-28,0,40,455,35,0,1,0,0,1,0,0,0,0,0
437,817,53,385,3040,0,63125,7,2012-07-01,3,28,877,18,0,1,0,0,0,1,0,0,0,0
438,585,44,257,3357,0,151144,7,2012-07-18,17,26,596,12,0,1,0,0,0,1,1,1,1,1
439,234,54,197,2960,0,73091,7,2012-07-23,5,28,683,33,0,1,0,0,1,0,0,0,0,0
440,1504,111,263,6507,0,163207,7,2012-07-26,3,36,631,22,0,1,0,0,0,1,0,0,0,0
441,1402,170,1380,8999,0,386540,7,2012-07-31,5,20,1739,31,0,1,0,0,0,1,0,0,0,0
442,507,67,204,1688,0,96900,8,2012-08-07,7,30,280,21,0,1,0,0,0,1,0,0,0,0
443,946,677,328,5703,0,157350,8,2012-08-10,3,33,324,13,0,1,0,0,0,1,0,0,0,0
444,397,34,280,1737,0,56629,8,2012-08-19,9,40,311,17,0,1,0,0,1,0,0,0,0,0
445,460,29,240,2588,0,50013,8,2012-08-25,6,16,479,23,0,1,0,0,0,1,0,0,0,0
446,702,49,360,4156,0,68295,8,2012-08-30,5,35,388,24,0,1,0,0,0,1,0,0,0,0
447,9658,1383,634,54634,0,4603183,9,2012-09-01,2,29,393,30,1,0,0,0,0,1,1,1,1,1
448,3302,315,350,17597,0,1149703,9,2012-09-13,12,35,417,26,1,0,0,0,1,0,0,0,0,0
449,1222,28,231,3452,0,96096,9,2012-09-16,3,34,365,24,1,0,0,0,0,1,0,0,0,0
450,466,58,304,2904,0,85045,9,2012-09-21,5,29,616,25,1,0,0,0,0,1,0,0,0,0
451,498,51,233,3461,0,165063,9,2012-09-25,4,31,320,23,1,0,0,0,1,0,0,0,0,0
452,1922,72,383,7608,0,140446,9,2012-09-29,4,32,390,19,1,0,0,0,0,1,0,0,0,0
453,392,30,176,3412,0,61647,10,2012-10-01,2,29,531,4,1,0,0,0,1,0,0,0,0,0
454,2132,268,348,12187,0,493298,10,2012-10-05,4,23,615,11,1,0,0,0,1,0,0,0,0,0
455,1658,253,516,16893,0,556693,10,2012-10-08,3,37,505,29,1,0,0,0,1,0,0,0,0,0
456,1090,61,303,4598,0,171918,10,2012-10-12,4,38,438,27,1,0,0,0,0,1,1,1,1,1
457,394,38,247,2253,0,144336,10,2012-10-18,6,41,281,8,1,0,0,0,1,0,1,1,1,1
458,897,43,265,5718,0,141748,10,2012-10-22,4,37,444,16,1,0,0,0,1,0,1,1,1,1
459,1042,125,354,7861,0,203911,10,2012-10-23,1,21,332,21,1,0,0,0,1,0,0,0,0,0
460,2781,201,576,16147,0,849101,10,2012-10-25,2,22,585,23,1,0,0,0,1,0,1,1,1,1
461,1308,151,578,6738,0,401619,10,2012-10-29,4,37,567,10,1,0,0,0,1,0,0,0,0,0
462,946,78,424,5171,0,272286,11,2012-11-08,10,23,461,17,1,0,0,0,1,0,1,1,1,1
463,974,51,264,5517,0,75023,11,2012-11-13,5,32,481,13,1,0,0,0,0,1,0,0,0,0
464,1479,247,257,13657,0,793592,11,2012-11-15,2,34,465,17,1,0,0,0,0,1,0,0,0,0
465,296,48,259,2090,0,36171,11,2012-11-19,4,31,1029,15,1,0,0,1,0,0,0,0,0,0
466,1449,85,440,4245,0,125107,11,2012-11-20,1,21,809,18,1,0,0,0,1,0,0,0,0,0
467,1938,156,251,12500,0,650817,11,2012-11-22,2,32,383,16,1,0,0,1,0,0,0,0,0,0
468,997,121,506,5777,0,262920,11,2012-11-27,5,32,837,26,1,0,0,0,0,1,0,0,0,0
469,818,103,317,3996,0,204946,11,2012-11-29,2,29,349,35,1,0,0,0,0,1,1,1,1,1
470,1177,253,320,15213,0,517472,12,2012-12-03,4,28,542,21,1,0,0,0,0,1,0,0,0,0
471,1681,133,326,7560,0,369903,12,2012-12-06,3,33,449,28,1,0,0,0,0,1,0,0,0,0
472,536,65,243,3965,0,96640,12,2012-12-08,2,34,375,20,1,0,0,0,1,0,0,0,0,0
473,450,62,165,1670,0,82256,12,2012-12-16,8,47,200,10,1,0,0,0,0,1,0,0,0,0
474,438,23,216,3313,0,67589,12,2012-12-17,1,26,315,8,1,0,0,0,1,0,0,0,0,0
475,2067,465,462,22038,0,1214429,12,2012-12-21,4,39,543,15,1,0,0,0,1,0,0,0,0,0
476,1712,37,565,3558,0,72589,12,2012-12-25,4,20,608,15,1,0,0,0,0,1,0,0,0,0
477,2362,311,445,18533,0,980078,12,2012-12-28,3,20,664,11,1,0,0,1,0,0,0,0,0,0
478,1795,153,488,16993,0,610019,12,2012-12-30,2,43,787,16,1,0,0,0,1,0,0,0,0,0
479,1578,112,725,11230,0,516729,1,2013-01-03,4,43,818,14,0,0,1,0,1,0,0,0,0,0
480,980,243,526,12343,0,570478,1,2013-01-07,4,49,1178,18,0,0,1,0,0,0,0,0,0,0
481,2312,216,1010,16345,0,711046,1,2013-01-09,2,45,1334,33,0,0,1,0,0,0,0,0,0,0
482,1053,104,578,5207,0,241853,1,2013-01-10,1,25,394,31,0,0,1,0,1,0,0,0,0,0
483,2387,215,609,15590,0,660155,1,2013-01-12,2,19,464,21,0,0,1,0,1,0,1,1,1,1
484,10464,1448,469,72576,0,3719264,1,2013-01-16,4,27,794,12,0,0,1,0,0,1,0,0,0,0
485,4446,932,476,43879,0,3099339,1,2013-01-20,4,28,1104,29,0,0,1,0,1,0,0,0,0,0
486,1516,149,466,9480,0,362347,1,2013-01-23,3,32,706,11,0,0,1,0,1,0,0,0,0,0
487,2349,104,302,5998,0,183445,1,2013-01-27,4,46,490,16,0,0,1,0,1,0,1,1,1,1
488,3414,352,444,15526,0,943685,2,2013-02-02,6,22,852,15,0,0,1,0,1,0,0,0,0,0
489,1392,188,476,10942,0,507298,2,2013-02-06,4,24,457,11,0,0,1,0,1,0,1,1,1,1
490,2727,584,401,25163,0,1820655,2,2013-02-10,4,30,705,11,0,0,1,0,0,1,0,0,0,0
491,1879,305,493,8294,0,655113,2,2013-02-13,3,21,489,12,0,0,1,0,0,1,1,1,1,1
492,2460,377,534,23413,0,591159,2,2013-02-19,6,38,451,17,0,0,1,0,1,0,0,0,0,0
493,1396,102,330,7381,0,147635,2,2013-02-22,3,26,533,9,0,0,1,0,0,1,0,0,0,0
494,1286,161,482,8882,0,456562,2,2013-02-26,4,27,662,10,0,0,1,0,0,1,0,0,0,0
495,1476,180,363,16739,0,431676,3,2013-03-01,3,32,642,4,1,0,0,0,0,1,0,0,0,0
496,1123,122,426,11712,0,431703,3,2013-03-06,5,40,1271,17,1,0,0,0,0,1,0,0,0,0
497,1844,111,358,9541,0,288823,3,2013-03-08,2,35,410,9,1,0,0,0,1,0,1,1,1,1
498,3782,652,404,29111,0,1260071,3,2013-03-12,4,27,966,12,1,0,0,0,1,0,0,0,0,0
499,5346,392,494,38501,0,1094090,3,2013-03-17,5,20,824,11,1,0,0,0,0,0,0,0,0,0
500,980,81,490,5046,0,155595,3,2013-03-22,5,28,481,11,1,0,0,0,1,0,0,0,0,0
501,3517,366,493,13093,0,639148,3,2013-03-26,4,24,751,19,1,0,0,0,1,0,0,0,0,0
502,1018,85,378,9153,0,214252,3,2013-03-29,3,24,515,31,1,0,0,0,1,0,0,0,0,0
503,595,161,316,6789,0,83101,4,2013-04-01,3,38,560,9,0,0,0,0,0,1,0,0,0,0
504,3014,583,639,17433,0,1636157,4,2013-04-05,4,25,432,32,0,0,0,0,0,1,1,1,1,1
505,3804,629,697,34505,0,2199053,4,2013-04-07,2,15,608,22,0,0,0,0,1,0,1,1,1,1
506,5045,413,759,21895,0,937543,4,2013-04-12,5,29,873,29,0,0,0,0,1,0,0,0,0,0
507,1201,117,344,8984,0,112065,4,2013-04-17,5,28,598,14,0,0,0,0,0,1,0,0,0,0
508,1770,132,499,8151,0,250909,4,2013-04-18,1,36,408,11,0,0,0,0,1,0,0,0,0,0
509,1136,101,852,11294,0,179420,4,2013-04-23,5,37,1002,11,0,0,0,0,1,0,0,0,0,0
510,4127,608,447,42358,0,1850371,4,2013-04-26,3,23,412,5,0,0,0,0,1,0,0,0,0,0
511,1328,177,485,9237,0,572956,5,2013-05-01,5,24,464,15,0,0,0,0,0,1,1,1,1,1
512,3628,609,505,26600,0,1403746,5,2013-05-03,2,26,888,10,0,0,0,1,0,0,0,0,0,0
513,1740,259,529,13742,0,612217,5,2013-05-08,5,32,1502,18,0,0,0,0,1,0,0,0,0,0
514,1023,129,372,13024,0,204608,5,2013-05-11,3,34,515,9,0,0,0,0,1,0,0,0,0,0
515,3034,407,492,15855,0,605091,5,2013-05-16,5,24,510,16,0,0,0,1,0,0,0,0,0,0
516,7272,1494,745,49386,0,1171214,5,2013-05-17,1,31,703,16,0,0,0,0,1,0,0,0,0,0
517,1695,214,379,16289,0,482951,5,2013-05-23,6,28,762,20,0,0,0,0,0,1,0,0,0,0
518,3494,460,449,22728,0,1129806,5,2013-05-27,4,27,391,11,0,0,0,0,1,0,1,1,1,1
519,2289,314,399,11849,0,917242,5,2013-05-31,4,28,619,11,0,0,0,0,0,1,1,1,1,1
520,2083,82,566,8177,0,198577,6,2013-06-04,4,17,479,13,0,1,0,0,1,0,0,0,0,0
521,5508,1444,622,42333,0,2573144,6,2013-06-07,3,41,742,12,0,1,0,0,1,0,0,0,0,0
522,1658,264,518,12610,0,635384,6,2013-06-11,4,23,524,10,0,1,0,0,1,0,1,1,1,1
523,1494,90,436,8337,0,303472,6,2013-06-13,2,30,758,15,0,1,0,1,0,0,1,1,1,1
524,4264,502,435,13128,0,702038,6,2013-06-23,10,27,507,15,0,1,0,0,0,1,0,0,0,0
525,1671,174,485,11292,0,365661,6,2013-06-25,2,23,581,7,0,1,0,0,1,0,0,0,0,0
526,2807,1020,455,26683,0,3806318,7,2013-07-01,6,25,506,10,0,1,0,0,1,0,1,1,1,1
527,1617,226,337,20291,0,530498,7,2013-07-04,3,27,490,11,0,1,0,1,0,0,0,0,0,0
528,3534,348,570,29504,0,692132,7,2013-07-10,6,27,983,16,0,1,0,0,1,0,0,0,0,0
529,3200,326,477,29834,0,1049831,7,2013-07-15,5,22,507,12,0,1,0,0,0,1,1,1,1,1
530,4978,599,811,34132,0,1972434,7,2013-07-23,8,23,476,25,0,1,0,0,0,1,1,1,1,1
531,4691,453,442,17695,0,844079,7,2013-07-26,3,30,635,17,0,1,0,0,1,0,0,0,0,0
532,8274,1363,552,60805,0,4648881,7,2013-07-29,3,33,967,26,0,1,0,0,1,0,0,0,0,0
533,3890,1056,636,31262,0,2263218,7,2013-07-31,2,24,914,21,0,1,0,0,1,0,1,1,1,1
534,1495,220,501,9581,0,468942,8,2013-08-02,2,23,778,12,0,1,0,0,1,0,0,0,0,0
535,14043,2083,620,76249,0,5542303,8,2013-08-06,4,41,389,16,0,1,0,0,1,0,0,0,0,0
536,1727,125,445,11145,0,397824,8,2013-08-10,4,21,482,16,0,1,0,0,0,1,1,1,1,1
537,1336,190,339,9802,0,355970,8,2013-08-13,3,34,551,8,0,1,0,0,1,0,1,1,1,1
538,2306,609,337,24843,0,1219152,8,2013-08-16,3,22,612,11,0,1,0,0,1,0,0,0,0,0
539,3835,369,467,23153,0,993234,8,2013-08-20,4,20,516,11,0,1,0,0,1,0,0,0,0,0
540,3892,847,491,31010,0,2594492,8,2013-08-23,3,13,522,18,0,1,0,0,1,0,1,1,1,1
541,1396,186,268,13708,0,254094,8,2013-08-30,7,29,467,17,0,1,0,0,1,0,0,0,0,0
542,8523,1385,752,79333,0,3694566,9,2013-09-06,7,29,592,22,1,0,0,0,1,0,1,1,1,1
543,1787,159,364,10433,0,314276,9,2013-09-09,3,31,396,18,1,0,0,0,1,0,0,0,0,0
544,14093,3294,812,82906,0,7677753,9,2013-09-13,4,23,435,11,1,0,0,0,1,0,1,1,1,1
545,5028,1464,747,27494,0,2046580,9,2013-09-18,5,31,1213,21,1,0,0,0,1,0,0,0,0,0
546,2313,345,392,21314,0,604821,9,2013-09-24,6,38,328,16,1,0,0,0,0,1,0,0,0,0
547,2403,689,546,13803,0,1072540,9,2013-09-25,1,22,457,23,1,0,0,0,1,0,1,1,1,1
548,3051,457,614,22790,0,1158516,10,2013-10-02,7,27,422,24,1,0,0,0,1,0,1,1,1,1
549,3135,580,336,23957,0,1090905,10,2013-10-07,5,25,527,14,1,0,0,0,1,0,1,1,1,1
550,4716,895,648,37259,0,1896517,10,2013-10-12,5,34,829,23,1,0,0,0,0,1,0,0,0,0
551,2441,415,406,17097,0,554801,10,2013-10-16,4,30,620,19,1,0,0,0,0,1,0,0,0,0
552,1984,167,273,15524,0,535407,10,2013-10-19,3,31,475,13,1,0,0,1,0,0,0,0,0,0
553,5431,717,903,47234,0,2581286,10,2013-10-21,2,22,611,34,1,0,0,0,1,0,1,1,1,1
554,3135,737,540,34937,0,1866206,10,2013-10-25,4,22,458,15,1,0,0,0,0,1,1,1,1,1
555,3693,629,394,33081,0,1278034,10,2013-10-29,4,28,490,14,1,0,0,0,1,0,1,1,1,1
556,5669,3663,307,103634,0,7993939,11,2013-11-01,3,28,471,14,1,0,0,0,0,1,0,0,0,0
557,9619,1650,503,42148,0,2058873,11,2013-11-02,1,33,540,8,1,0,0,0,1,0,1,1,1,1
558,1788,213,482,13204,0,655210,11,2013-11-04,2,32,722,19,1,0,0,0,1,0,0,0,0,0
559,2363,1309,558,34626,0,2433096,11,2013-11-08,4,35,424,20,1,0,0,0,1,0,1,1,1,1
560,3230,662,571,25110,0,2536275,11,2013-11-16,8,23,549,16,1,0,0,0,1,0,1,1,1,1
561,2662,248,350,19347,0,485455,11,2013-11-18,2,32,512,17,1,0,0,0,1,0,0,0,0,0
562,2477,513,457,22937,0,1760509,11,2013-11-25,7,24,382,20,1,0,0,0,1,0,1,1,1,1
563,1791,333,502,15138,0,354306,11,2013-11-27,2,17,572,12,1,0,0,0,1,0,0,0,0,0
564,4548,889,437,19326,0,705848,12,2013-12-05,8,26,813,15,1,0,0,0,1,0,0,0,0,0
565,1596,199,356,16954,0,840858,12,2013-12-08,3,40,813,20,1,0,0,0,1,0,0,0,0,0
566,2878,431,415,18038,0,757781,12,2013-12-12,4,34,576,21,1,0,0,0,1,0,0,0,0,0
567,1196,97,201,13124,0,261663,12,2013-12-17,5,29,388,6,1,0,0,0,1,0,0,0,0,0
568,1380,141,416,13524,0,379936,12,2013-12-19,2,23,1250,14,1,0,0,0,1,0,0,0,0,0
569,736,90,298,9709,0,345012,12,2013-12-21,2,23,384,11,1,0,0,0,1,0,0,0,0,0
570,337,50,127,6867,0,229553,12,2013-12-24,3,41,355,6,1,0,0,1,0,0,0,0,0,0
571,705,72,146,8533,0,196380,1,2014-01-03,10,26,340,8,0,0,1,1,0,0,0,0,0,0
572,642,69,286,9164,0,287916,1,2014-01-04,1,44,351,8,0,0,1,0,1,0,0,0,0,0
573,1636,369,228,11251,0,537926,1,2014-01-07,3,22,368,8,0,0,1,0,0,0,0,0,0,0
574,3169,311,259,18159,0,676400,1,2014-01-08,1,35,401,9,0,0,1,0,1,0,1,1,1,1
575,1476,276,382,13501,0,650945,1,2014-01-09,1,33,483,9,0,0,1,0,0,0,0,0,0,0
576,1204,294,376,13230,0,599602,1,2014-01-09,0,31,564,40,0,0,1,1,0,0,1,1,1,1
577,1442,307,542,16652,0,738909,1,2014-01-10,1,33,598,10,0,0,1,0,1,0,0,0,0,0
578,756,223,225,11969,0,333125,1,2014-01-11,1,24,486,10,0,0,1,1,0,0,0,0,0,0
579,1835,297,606,23994,0,731563,1,2014-01-14,3,33,644,14,0,0,1,0,0,1,0,0,0,0
580,1525,179,214,11472,0,336901,1,2014-01-19,5,26,516,21,0,0,1,0,0,1,0,0,0,0
581,1000,260,396,12198,0,348078,1,2014-01-21,2,34,420,13,0,0,1,0,1,0,0,0,0,0
582,1032,209,330,13743,0,439217,1,2014-01-25,4,23,557,17,0,0,1,0,1,0,0,0,0,0
583,5847,202,231,42807,0,459319,1,2014-01-29,4,10,10,8,0,0,1,0,1,0,0,0,0,0
584,4319,584,274,37261,0,2002260,1,2014-01-31,2,31,495,20,0,0,1,0,1,0,1,1,1,1
585,3396,662,542,27919,0,1812580,2,2014-02-07,7,19,487,7,0,0,1,0,0,1,1,1,1,1
586,1184,136,344,16980,0,331040,2,2014-02-08,1,18,433,4,0,0,1,0,1,0,0,0,0,0
587,4858,1973,425,55028,0,3556526,2,2014-02-08,0,30,350,8,0,0,1,0,1,0,1,1,1,1
588,2709,206,430,23394,0,675778,2,2014-02-12,4,28,615,6,0,0,1,0,1,0,0,0,0,0
589,3788,457,433,27399,0,842232,2,2014-02-15,3,40,724,18,0,0,1,0,1,0,0,0,0,0
590,2236,201,412,16523,0,449531,2,2014-02-20,5,13,490,13,0,0,1,1,0,0,0,0,0,0
591,1506,205,445,17811,0,414949,2,2014-02-24,4,37,381,8,0,0,1,0,0,1,0,0,0,0
592,2853,400,345,28743,0,1141670,2,2014-02-25,1,23,451,11,0,0,1,0,0,1,1,1,1,1
593,2576,548,235,30820,0,1973545,3,2014-03-01,4,25,516,17,1,0,0,0,0,1,0,0,0,0
594,3787,754,10047,24035,0,1198245,3,2014-03-03,2,28,411,10,1,0,0,0,1,0,0,0,0,0
595,5457,994,938,46745,0,3451710,3,2014-03-16,13,18,428,17,1,0,0,0,1,0,1,1,1,1
596,4744,1094,709,27578,0,1816530,3,2014-03-20,4,25,402,16,1,0,0,0,0,1,1,1,1,1
597,1421,257,747,21400,0,692989,3,2014-03-25,5,20,353,18,1,0,0,0,1,0,1,1,1,1
598,1647,241,350,19453,0,764430,3,2014-03-26,1,38,510,10,1,0,0,0,1,0,1,1,1,1
599,2385,298,343,19928,0,572118,4,2014-04-06,11,24,455,17,0,0,0,1,0,0,1,1,1,1
600,4138,535,667,43050,0,1442339,4,2014-04-16,10,29,376,7,0,0,0,0,1,0,0,0,0,0
601,2067,298,491,25482,0,918510,4,2014-04-19,3,45,460,14,0,0,0,0,1,0,0,0,0,0
602,1608,147,359,15121,0,313305,4,2014-04-20,1,13,365,13,0,0,0,0,1,0,0,0,0,0
603,6929,830,730,57747,0,3029150,4,2014-04-24,4,19,420,19,0,0,0,0,1,0,1,1,1,1
604,3137,1216,304,33040,0,3365868,5,2014-05-03,9,22,472,13,0,0,0,0,0,1,0,0,0,0
605,8549,3318,301,43879,0,7581360,5,2014-05-07,4,19,418,14,0,0,0,0,0,1,0,0,0,0
606,2723,317,367,24787,0,1308594,5,2014-05-15,8,18,413,10,0,0,0,0,0,1,1,1,1,1
607,4561,428,880,32905,0,1487743,5,2014-05-20,5,22,1525,14,0,0,0,0,0,1,0,0,0,0
608,10110,2643,278,41749,0,1952523,5,2014-05-24,4,29,378,7,0,0,0,0,0,1,0,0,0,0
609,4396,695,383,30521,0,1203180,5,2014-05-25,1,29,528,23,0,0,0,0,1,0,1,1,1,1
610,2060,310,353,20147,0,852847,5,2014-05-27,2,25,492,14,0,0,0,1,0,0,1,1,1,1
611,1890,383,382,16460,0,722042,5,2014-05-31,4,27,500,13,0,0,0,0,1,0,0,0,0,0
612,5554,647,621,33040,0,2766354,6,2014-06-02,2,13,484,21,0,1,0,0,0,1,1,1,1,1
613,2608,662,363,26396,0,1286251,6,2014-06-04,2,29,417,14,0,1,0,0,1,0,0,0,0,0
614,597,105,180,10690,0,388945,6,2014-06-07,3,32,465,19,0,1,0,0,0,1,1,1,1,1
615,1677,188,265,20126,0,1005980,6,2014-06-11,4,21,356,17,0,1,0,0,0,1,1,1,1,1
616,4123,440,418,40633,0,1455382,6,2014-06-19,8,30,742,26,0,1,0,0,0,1,0,0,0,0
617,2883,450,333,35214,0,1219121,6,2014-06-26,7,45,371,7,0,1,0,0,0,0,0,0,0,0
618,7789,2925,302,60750,0,9174069,6,2014-06-27,1,34,519,16,0,1,0,0,0,1,0,0,0,0
619,3832,865,434,37312,0,3172486,6,2014-06-28,1,29,590,13,0,1,0,0,1,0,0,0,0,0
620,3639,176,538,28456,0,392062,7,2014-07-04,6,13,390,6,0,1,0,0,1,0,0,0,0,0
621,2912,229,333,21141,0,1113307,7,2014-07-07,3,23,414,20,0,1,0,0,1,0,0,0,0,0
622,2528,288,388,24532,0,602428,7,2014-07-19,12,27,395,15,0,1,0,0,0,1,0,0,0,0
623,1708,287,472,22990,0,988795,7,2014-07-24,5,35,401,4,0,1,0,0,1,0,1,1,1,1
624,1427,254,306,24166,0,661982,7,2014-07-26,2,24,537,10,0,1,0,0,1,0,0,0,0,0
625,1893,255,433,26719,0,979944,8,2014-08-03,8,24,464,22,0,1,0,1,0,0,1,1,1,1
626,2058,501,457,23126,0,1177283,8,2014-08-04,1,28,440,23,0,1,0,0,1,0,1,1,1,1
627,2369,480,771,24846,0,942349,8,2014-08-09,5,41,915,13,0,1,0,0,0,1,0,0,0,0
628,24813,5477,388,204860,0,9367021,8,2014-08-16,7,29,570,17,0,1,0,0,1,0,0,0,0,0
629,3476,628,367,36199,0,2251157,8,2014-08-21,5,34,317,8,0,1,0,1,0,0,1,1,1,1
630,6698,1705,278,43922,0,5501075,8,2014-08-24,3,37,302,13,0,1,0,0,0,1,1,1,1,1
631,6186,2898,401,68142,0,2980259,8,2014-08-31,7,24,408,15,0,1,0,0,0,1,1,1,1,1
632,3156,437,646,47464,0,1788621,9,2014-09-03,3,21,320,19,1,0,0,0,1,0,1,1,1,1
633,3220,622,653,51523,0,2248667,9,2014-09-03,0,16,518,16,1,0,0,0,1,0,1,1,1,1
634,5422,1495,349,38965,0,3422421,9,2014-09-11,8,21,355,24,1,0,0,0,0,1,1,1,1,1
635,5370,2732,298,47516,0,2376352,9,2014-09-15,4,35,480,24,1,0,0,1,0,0,0,0,0,0
636,6756,631,212,45634,0,826548,9,2014-09-19,4,18,217,4,1,0,0,0,0,1,0,0,0,0
637,2685,635,288,22370,0,1677293,9,2014-09-19,0,28,418,18,1,0,0,0,1,0,1,1,1,1
638,2907,319,315,20482,0,733388,9,2014-09-24,5,25,531,8,1,0,0,1,0,0,0,0,0,0
639,8763,2429,644,63958,0,6633335,9,2014-09-26,2,22,421,17,1,0,0,0,1,0,1,1,1,1
640,3964,570,553,48624,0,1153020,10,2014-10-02,6,30,576,11,1,0,0,0,0,1,1,1,1,1
641,3511,637,405,36285,0,2081921,10,2014-10-05,3,43,351,10,1,0,0,0,1,0,0,0,0,0
642,4648,967,428,40190,0,2300457,10,2014-10-09,4,23,503,14,1,0,0,0,0,0,1,1,1,1
643,6147,1164,729,64959,0,3184568,10,2014-10-15,6,29,692,24,1,0,0,0,1,0,1,1,1,1
644,5540,954,531,69094,0,2944066,10,2014-10-18,3,36,479,8,1,0,0,0,0,1,1,1,1,1
645,2546,1796,228,21439,0,792684,10,2014-10-20,2,32,499,9,1,0,0,0,1,0,0,0,0,0
646,5444,502,325,48449,0,998564,10,2014-10-25,5,35,430,18,1,0,0,0,0,0,1,1,1,1
647,1816,238,391,22310,0,579469,10,2014-10-28,3,35,432,16,1,0,0,0,0,1,1,1,1,1
648,3285,885,508,30337,0,2308030,11,2014-11-02,5,24,506,19,1,0,0,0,0,1,1,1,1,1
649,5354,684,1022,47999,0,2778847,11,2014-11-05,3,22,495,18,1,0,0,0,1,0,1,1,1,1
650,7501,811,242,63399,0,1625084,11,2014-11-05,0,28,645,10,1,0,0,0,0,1,0,0,0,0
651,3985,232,279,24806,0,658786,11,2014-11-11,6,18,315,6,1,0,0,1,0,0,0,0,0,0
652,2841,414,579,27809,0,1254588,11,2014-11-12,1,22,496,9,1,0,0,1,0,0,1,1,1,1
653,9279,1534,932,66848,0,2660427,11,2014-11-15,3,24,2132,18,1,0,0,1,0,0,0,0,0,0
654,1871,353,468,21182,0,928759,11,2014-11-20,5,32,770,14,1,0,0,0,1,0,0,0,0,0
655,2480,856,487,58234,0,2784121,12,2014-12-01,11,20,1206,16,1,0,0,1,0,0,0,0,0,0
656,2218,355,392,32922,0,1140428,12,2014-12-08,7,28,437,6,1,0,0,0,0,1,1,1,1,1
657,1859,245,242,29605,0,699264,12,2014-12-15,7,24,383,8,1,0,0,0,0,1,0,0,0,0
658,1126,328,194,27885,0,991913,12,2014-12-18,3,27,311,15,1,0,0,0,0,1,0,0,0,0
659,1278,226,264,24031,0,1176626,12,2014-12-24,6,21,381,17,1,0,0,0,0,1,0,0,0,0
660,814,145,411,15904,0,487871,1,2015-01-01,8,20,556,8,0,0,1,0,1,0,0,0,0,0
661,2596,548,305,25753,0,1048042,1,2015-01-08,7,34,1350,12,0,0,1,0,0,0,0,0,0,0
662,3011,361,325,22459,0,848023,1,2015-01-11,3,27,445,13,0,0,1,1,0,0,0,0,0,0
663,4068,287,345,24273,0,748591,1,2015-01-15,4,28,611,6,0,0,1,0,0,1,0,0,0,0
664,3554,2553,223,46205,0,2779032,1,2015-01-20,5,20,433,18,0,0,1,0,0,1,0,0,0,0
665,1903,594,362,31187,0,845174,1,2015-01-24,4,31,654,17,0,0,1,0,1,0,0,0,0,0
666,1444,435,409,25115,0,822561,1,2015-01-26,2,25,543,12,0,0,1,0,1,0,1,1,1,1
667,2781,522,374,32143,0,1861971,2,2015-02-01,6,31,447,15,0,0,1,0,1,0,1,1,1,1
668,1625,430,365,25108,0,1079152,2,2015-02-10,9,29,555,11,0,0,1,1,0,0,0,0,0,0
669,2442,436,266,28485,0,1686114,2,2015-02-14,4,35,380,19,0,0,1,0,0,1,1,1,1,1
670,4623,680,381,32582,0,1557211,2,2015-02-17,3,30,381,17,0,0,1,1,0,0,1,1,1,1
671,2475,423,317,24639,0,1130131,2,2015-02-24,7,23,381,21,0,0,1,1,0,0,1,1,1,1
672,1383,373,302,21361,0,1039927,3,2015-03-01,5,31,361,21,1,0,0,1,0,0,0,0,0,0
673,8385,1424,372,41496,0,2744181,3,2015-03-01,0,28,417,14,1,0,0,1,0,0,1,1,1,1
674,4311,1676,320,67942,0,3816840,3,2015-03-03,2,22,532,14,1,0,0,0,0,1,0,0,0,0
675,1765,601,380,28326,0,1297828,3,2015-03-10,7,27,394,19,1,0,0,0,0,1,0,0,0,0
676,2141,468,314,30727,0,1608208,3,2015-03-13,3,26,345,11,1,0,0,0,0,1,1,1,1,1
677,1653,428,281,25468,0,1170964,3,2015-03-28,15,29,646,7,1,0,0,0,0,1,0,0,0,0
678,3635,710,719,43052,0,1935772,4,2015-04-01,4,18,501,22,0,0,0,0,0,1,1,1,1,1
679,1774,357,471,21556,0,632076,4,2015-04-04,3,13,443,10,0,0,0,0,1,0,0,0,0,0
680,8596,1868,785,97858,0,5431698,4,2015-04-09,5,25,401,15,0,0,0,0,0,1,1,1,1,1
681,2668,473,302,39114,0,1305493,4,2015-04-16,7,26,390,14,0,0,0,0,0,1,1,1,1,1
682,3489,336,274,28441,0,1216629,4,2015-04-22,6,18,303,18,0,0,0,0,0,1,1,1,1,1
683,3493,1696,329,51427,0,5017157,4,2015-04-24,2,30,469,9,0,0,0,0,1,0,1,1,1,1
684,6300,485,332,72709,0,1189033,4,2015-04-28,4,41,524,8,0,0,0,0,1,0,0,0,0,0
685,4138,1373,430,41772,0,2311152,5,2015-05-03,5,19,421,11,0,0,0,0,1,0,1,1,1,1
686,2428,639,238,39263,0,897623,5,2015-05-11,8,30,560,10,0,0,0,0,1,0,0,0,0,0
687,5425,944,689,65273,0,2973885,5,2015-05-14,3,13,441,12,0,0,0,0,1,0,1,1,1,1
688,1543,631,396,36710,0,1568244,5,2015-05-18,4,35,942,23,0,0,0,0,1,0,0,0,0,0
689,8304,812,429,50113,0,2207586,5,2015-05-24,6,35,502,18,0,0,0,0,0,0,0,0,0,0
690,1379,387,250,20157,0,1091518,5,2015-05-27,3,24,453,6,0,0,0,1,0,0,0,0,0,0
691,181475,751,258,95266,0,2009496,5,2015-05-29,2,40,491,14,0,0,0,1,0,0,0,0,0,0
692,4929,986,493,40700,0,2202121,6,2015-06-03,5,20,442,11,0,1,0,0,1,0,1,1,1,1
693,4079,718,468,44984,0,2799493,6,2015-06-05,2,36,850,11,0,1,0,0,1,0,0,0,0,0
694,2072,459,259,35418,0,1214353,6,2015-06-11,6,32,578,6,0,1,0,1,0,0,0,0,0,0
695,1584,616,232,31349,0,815717,6,2015-06-16,5,38,657,8,0,1,0,0,1,0,0,0,0,0
696,4891,1330,301,37025,0,1056212,6,2015-06-24,8,37,385,15,0,1,0,0,1,0,0,0,0,0
697,2414,520,379,33675,0,1020134,6,2015-06-25,1,31,538,8,0,1,0,0,1,0,0,0,0,0
698,1807,345,473,26609,0,697242,7,2015-07-01,6,19,451,4,0,1,0,0,0,1,0,0,0,0
699,2280,861,416,33254,0,1191873,7,2015-07-04,3,24,543,16,0,1,0,0,0,1,1,1,1,1
700,69889,1048,293,68421,0,2052037,7,2015-07-10,6,23,536,9,0,1,0,0,0,1,1,1,1,1
701,2250,573,395,39652,0,2010985,7,2015-07-15,5,28,485,27,0,1,0,0,0,1,1,1,1,1
702,3874,669,458,50465,0,2148997,7,2015-07-18,3,27,459,23,0,1,0,0,0,1,1,1,1,1
703,4710,376,379,42165,0,1653592,7,2015-07-24,6,25,383,13,0,1,0,0,1,0,1,1,1,1
704,1377,348,430,27855,0,1165509,7,2015-07-28,4,32,566,10,0,1,0,0,0,1,1,1,1,1
705,2600,331,332,29402,0,1276461,7,2015-07-29,1,19,434,11,0,1,0,0,0,1,1,1,1,1
706,2176,433,395,31090,0,1122029,8,2015-08-06,8,27,429,11,0,1,0,0,0,1,1,1,1,1
707,4122,547,369,32664,0,1450349,8,2015-08-07,1,48,378,21,0,1,0,0,1,0,1,1,1,1
708,2608,476,261,40693,0,1530870,8,2015-08-12,5,42,470,13,0,1,0,0,0,1,1,1,1,1
709,9588,969,299,62312,0,1574972,8,2015-08-14,2,27,354,11,0,1,0,0,0,1,0,0,0,0
710,5709,898,839,49734,0,3247565,8,2015-08-18,4,17,489,12,0,1,0,0,1,0,1,1,1,1
711,2094,381,236,28492,0,1319577,8,2015-08-23,5,29,295,14,0,1,0,0,1,0,1,1,1,1
712,3177,337,535,28237,0,937183,8,2015-08-29,6,34,316,8,0,1,0,0,0,1,0,0,0,0
713,10620,2615,318,75345,0,6961688,9,2015-09-02,4,22,384,10,1,0,0,0,1,0,1,1,1,1
714,5849,874,277,39335,0,2083471,9,2015-09-07,5,21,416,16,1,0,0,0,1,0,1,1,1,1
715,5679,1435,548,53123,0,4040104,9,2015-09-10,3,29,441,14,1,0,0,0,0,1,1,1,1,1
716,4134,1510,201,49457,0,2566100,9,2015-09-10,0,42,423,16,1,0,0,0,0,0,1,1,1,1
717,3612,417,478,33338,0,1600010,9,2015-09-18,8,26,427,12,1,0,0,0,0,1,1,1,1,1
718,4427,591,377,56405,0,2077359,9,2015-09-22,4,26,552,17,1,0,0,1,0,0,1,1,1,1
719,11184,2389,606,107866,0,6734565,9,2015-09-25,3,17,443,25,1,0,0,0,1,0,1,1,1,1
720,2561,408,367,31988,0,1035150,9,2015-09-30,5,21,501,8,1,0,0,0,0,1,0,0,0,0
721,1478,361,237,26407,0,1168826,10,2015-10-03,3,19,376,14,1,0,0,0,0,1,1,1,1,1
722,4561,1084,330,36964,0,1131889,10,2015-10-09,6,31,677,11,1,0,0,0,0,1,0,0,0,0
723,2320,432,211,35486,0,1367241,10,2015-10-13,4,26,364,14,1,0,0,0,0,1,1,1,1,1
724,67784,250,192,25941,0,590852,10,2015-10-15,2,23,394,8,1,0,0,0,1,0,0,0,0,0
725,8919,958,809,93564,0,3918612,10,2015-10-19,4,16,616,14,1,0,0,0,0,0,1,1,1,1
726,3688,339,204,33848,0,1313805,10,2015-10-21,2,36,400,9,1,0,0,0,1,0,1,1,1,1
727,2031,701,268,29424,0,1061539,10,2015-10-27,6,22,459,10,1,0,0,0,0,1,0,0,0,0
728,3735,619,349,44925,0,2153175,10,2015-10-29,2,23,408,18,1,0,0,0,0,0,1,1,1,1
729,3251,835,305,54116,0,1624191,11,2015-11-03,5,37,392,13,1,0,0,0,0,1,0,0,0,0
730,4278,890,378,36572,0,1787452,11,2015-11-06,3,43,317,13,1,0,0,0,1,0,1,1,1,1
731,4241,1525,490,35587,0,2394129,11,2015-11-13,7,23,347,11,1,0,0,0,0,1,1,1,1,1
732,4152,909,399,36666,0,1804039,11,2015-11-15,2,40,364,14,1,0,0,0,0,1,0,0,0,0
733,3811,647,303,43614,0,1256922,11,2015-11-20,5,28,320,8,1,0,0,0,0,1,0,0,0,0
734,4015,505,403,37595,0,1819485,11,2015-11-24,4,17,591,17,1,0,0,0,0,1,1,1,1,1
735,2780,420,388,31597,0,1217182,11,2015-11-26,2,25,357,11,1,0,0,1,0,0,0,0,0,0
736,3663,900,233,40848,0,1732604,12,2015-12-01,5,34,401,14,1,0,0,1,0,0,0,0,0,0
737,1894,428,155,19861,0,765556,12,2015-12-06,5,36,407,14,1,0,0,0,1,0,0,0,0,0
738,3352,922,479,45027,0,1931017,12,2015-12-09,3,26,439,19,1,0,0,0,0,0,0,0,0,0
739,5198,809,311,73910,0,1561393,12,2015-12-12,3,30,373,10,1,0,0,0,0,1,0,0,0,0
740,248681,285,102,99764,0,714050,12,2015-12-15,3,30,290,18,1,0,0,0,0,0,0,0,0,0
741,8636,1160,770,63974,0,2036372,12,2015-12-17,2,24,1842,19,1,0,0,0,0,1,0,0,0,0
742,2366,408,475,39421,0,916136,12,2015-12-19,2,24,362,17,1,0,0,0,0,0,0,0,0,0
743,2396,369,154,37133,0,834656,12,2015-12-20,1,30,278,5,1,0,0,1,0,0,0,0,0,0
744,1694,206,316,27430,0,688449,12,2015-12-30,10,23,316,7,1,0,0,0,0,1,0,0,0,0
745,2563,352,462,41708,0,1399943,1,2016-01-01,2,20,393,19,0,0,1,0,1,0,0,0,0,0
746,1965,382,342,27021,0,1049853,1,2016-01-05,4,28,349,16,0,0,1,0,0,1,1,1,1,1
747,4641,524,336,26765,0,769147,1,2016-01-08,3,28,444,7,0,0,1,0,0,0,0,0,0,0
748,19847,5186,303,97312,0,5677815,1,2016-01-10,2,33,378,7,0,0,1,0,0,1,0,0,0,0
749,1859,292,263,22655,0,616542,1,2016-01-20,10,32,364,14,0,0,1,0,1,0,0,0,0,0
750,6360,1080,273,49928,0,1644702,1,2016-01-23,3,17,392,9,0,0,1,0,1,0,0,0,0,0
751,3413,808,354,37683,0,1181183,1,2016-01-29,6,26,453,16,0,0,1,0,0,1,0,0,0,0
752,2094,613,378,34896,0,1412403,2,2016-02-04,6,26,616,12,0,0,1,0,0,1,0,0,0,0
753,2112,399,273,20500,0,707830,2,2016-02-07,3,34,454,6,0,0,1,1,0,0,1,1,1,1
754,3875,861,369,32568,0,1544744,2,2016-02-12,5,29,1028,17,0,0,1,0,0,1,0,0,0,0
755,8245,1606,293,66101,0,5649693,2,2016-02-17,5,40,333,19,0,0,1,0,0,1,1,1,1,1
756,3001,698,337,35031,0,1404214,2,2016-02-21,4,40,385,7,0,0,1,0,0,1,1,1,1,1
757,4277,873,341,52297,0,1870486,2,2016-02-22,1,34,962,15,0,0,1,0,1,0,0,0,0,0
758,7201,5321,241,51079,0,2932179,2,2016-02-27,5,38,418,14,0,0,1,0,0,1,0,0,0,0
759,5608,500,370,45200,0,1731929,3,2016-03-02,4,39,373,7,1,0,0,0,1,0,0,0,0,0
760,8683,1782,550,88857,0,4890110,3,2016-03-09,7,25,475,8,1,0,0,0,1,0,1,1,1,1
761,4298,407,433,33277,0,943922,3,2016-03-10,1,29,663,7,1,0,0,0,1,0,0,0,0,0
762,4335,930,370,43718,0,2204397,3,2016-03-17,7,30,352,9,1,0,0,0,1,0,1,1,1,1
763,7259,1908,299,66925,0,4975631,3,2016-03-20,3,17,391,11,1,0,0,0,0,1,1,1,1,1
764,3871,512,286,44523,0,900504,3,2016-03-28,8,30,293,12,1,0,0,0,1,0,0,0,0,0
765,4713,467,280,38336,0,1431139,4,2016-04-05,8,19,323,15,0,0,0,0,0,1,1,1,1,1
766,3205,723,263,56983,0,1786672,4,2016-04-08,3,32,495,10,0,0,0,0,0,1,0,0,0,0
767,2114,511,233,29701,0,928629,4,2016-04-12,4,32,301,13,0,0,0,1,0,0,1,1,1,1
768,2625,536,217,26591,0,1079536,4,2016-04-14,2,32,398,12,0,0,0,1,0,0,0,0,0,0
769,5141,1033,420,41040,0,2116043,4,2016-04-20,6,14,423,12,0,0,0,0,1,0,1,1,1,1
770,2219,775,348,28797,0,1136864,4,2016-04-22,2,35,316,16,0,0,0,0,0,1,0,0,0,0
771,2497,513,501,36792,0,819401,4,2016-04-29,7,32,436,11,0,0,0,0,1,0,0,0,0,0
772,3774,413,547,44623,0,1211779,5,2016-05-04,5,28,552,22,0,0,0,0,0,1,0,0,0,0
773,2431,608,368,28267,0,1287405,5,2016-05-13,9,39,371,10,0,0,0,0,1,0,0,0,0,0
774,3733,1509,422,51327,0,2001579,5,2016-05-19,6,31,351,7,0,0,0,1,0,0,0,0,0,0
775,4067,1149,279,31479,0,1531210,5,2016-05-30,11,28,365,9,0,0,0,0,1,0,0,0,0,0
776,3102,723,440,30760,0,1006955,6,2016-06-03,4,28,395,8,0,1,0,0,1,0,0,0,0,0
777,10839,1214,702,80720,0,4420677,6,2016-06-06,3,17,455,21,0,1,0,0,1,0,1,1,1,1
778,3421,826,237,35294,0,1223726,6,2016-06-14,8,30,348,13,0,1,0,0,0,0,0,0,0,0
779,5225,921,334,45414,0,2785471,6,2016-06-14,0,44,406,18,0,1,0,1,0,0,0,0,0,0
780,2714,693,364,31172,0,1015755,6,2016-06-24,10,21,971,10,0,1,0,0,1,0,0,0,0,0
781,2943,768,333,23176,0,851721,6,2016-06-30,6,32,455,13,0,1,0,0,0,1,0,0,0,0
782,4643,685,296,37695,0,1686964,7,2016-07-12,12,19,332,16,0,1,0,0,0,1,1,1,1,1
783,6757,519,324,25429,0,728911,7,2016-07-14,2,25,436,6,0,1,0,0,0,1,0,0,0,0
784,3160,578,646,31871,0,1503003,7,2016-07-15,1,20,508,11,0,1,0,0,1,0,1,1,1,1
785,6825,847,372,50005,0,2203075,7,2016-07-19,4,34,340,17,0,1,0,0,1,0,1,1,1,1
786,4727,915,407,37098,0,1338454,7,2016-07-29,10,16,478,16,0,1,0,0,0,0,0,0,0,0
787,3611,1840,264,28398,0,1375041,8,2016-08-02,4,24,427,15,0,1,0,0,1,0,0,0,0,0
788,4580,652,503,29456,0,1279013,8,2016-08-10,8,34,483,25,0,1,0,0,1,0,0,0,0,0
789,4316,397,488,32215,0,776501,8,2016-08-12,2,36,437,5,0,1,0,0,1,0,0,0,0,0
790,4518,785,286,43000,0,2048701,8,2016-08-17,5,26,345,12,0,1,0,0,0,1,0,0,0,0
791,2747,653,276,42496,0,1653389,8,2016-08-23,6,27,400,13,0,1,0,0,0,1,0,0,0,0
792,1822,406,321,23813,0,1000702,8,2016-08-23,0,32,511,7,0,1,0,0,1,0,0,0,0,0
793,14373,4306,457,109597,0,6681638,8,2016-08-30,7,36,483,29,0,1,0,1,0,0,1,1,1,1
794,10955,4639,298,116527,0,10619946,9,2016-09-06,7,44,375,9,1,0,0,0,0,1,1,1,1,1
795,4915,1705,430,42275,0,1876387,9,2016-09-08,2,27,737,12,1,0,0,0,0,1,0,0,0,0
796,8613,1158,304,82371,0,1976193,9,2016-09-14,6,32,442,33,1,0,0,0,1,0,1,1,1,1
797,9002,1484,637,59517,0,2292357,9,2016-09-18,4,29,481,29,1,0,0,0,0,0,1,1,1,1
798,5745,1279,479,61244,0,3153113,9,2016-09-23,5,31,440,32,1,0,0,0,1,0,0,0,0,0
799,13334,2089,354,83217,0,5417602,9,2016-09-27,4,25,373,33,1,0,0,0,0,0,1,1,1,1
800,5340,2414,151,87534,0,6002218,10,2016-10-02,5,32,412,24,1,0,0,0,1,0,0,0,0,0
801,3055,800,302,43755,0,1976049,10,2016-10-04,2,34,541,20,1,0,0,0,1,0,1,1,1,1
802,7107,1579,385,43265,0,1565504,10,2016-10-08,4,33,349,23,1,0,0,0,0,1,0,0,0,0
803,8899,1383,385,76491,0,2935978,10,2016-10-11,3,50,449,22,1,0,0,0,1,0,1,1,1,1
804,4638,925,480,50352,0,1751348,10,2016-10-12,1,33,425,24,1,0,0,0,1,0,0,0,0,0
805,10370,1962,646,102851,0,4240135,10,2016-10-18,6,32,425,27,1,0,0,1,0,0,0,0,0,0
806,17886,1890,318,123580,0,6770945,10,2016-10-19,1,41,408,18,1,0,0,0,1,0,0,0,0,0
807,6168,3225,353,73456,0,2247069,10,2016-10-22,3,46,321,15,1,0,0,0,0,1,0,0,0,0
808,6542,3938,333,46194,0,2409043,10,2016-10-26,4,43,380,15,1,0,0,0,0,1,1,1,1,1
809,2560,522,319,40201,0,1902093,10,2016-10-28,2,47,572,19,1,0,0,0,0,1,1,1,1,1
810,3134,501,585,57849,0,1167181,10,2016-10-29,1,38,353,20,1,0,0,0,0,1,0,0,0,0
811,9588,2142,726,84958,0,3599774,11,2016-11-03,5,45,535,20,1,0,0,0,0,1,1,1,1,1
812,1488,457,259,33316,0,826381,11,2016-11-04,1,30,394,14,1,0,0,0,1,0,0,0,0,0
813,4999,727,336,58220,0,2375757,11,2016-11-14,10,34,370,16,1,0,0,0,0,0,1,1,1,1
814,2594,872,440,42553,0,1765608,11,2016-11-18,4,29,481,9,1,0,0,0,0,1,0,0,0,0
815,3171,872,349,36018,0,1350412,11,2016-11-21,3,41,537,20,1,0,0,0,1,0,1,1,1,1
816,4729,2514,658,39469,0,1212580,11,2016-11-22,1,31,943,10,1,0,0,0,1,0,0,0,0,0
817,2386,677,374,50660,0,1534612,11,2016-11-23,1,39,421,14,1,0,0,0,1,0,1,1,1,1
818,108314,728,386,86508,0,1535788,11,2016-11-26,3,43,450,10,1,0,0,0,0,1,0,0,0,0
819,26742,952,159,112916,0,1708581,11,2016-11-29,3,26,331,7,1,0,0,0,1,0,0,0,0,0
820,6222,2933,692,62231,0,3176243,12,2016-12-01,2,44,506,18,1,0,0,0,1,0,1,1,1,1
821,5766,1723,323,72938,0,2963012,12,2016-12-05,4,37,464,17,1,0,0,0,1,0,1,1,1,1
822,3192,547,215,45871,0,1016327,12,2016-12-13,8,28,398,13,1,0,0,1,0,0,0,0,0,0
823,12857,1529,362,59022,0,2268619,12,2016-12-16,3,38,373,14,1,0,0,0,0,1,0,0,0,0
824,14089,2592,1077,84726,0,2965402,12,2016-12-17,1,23,1419,26,1,0,0,1,0,0,0,0,0,0
825,3524,1044,368,60246,0,2131416,12,2016-12-19,2,21,864,19,1,0,0,0,1,0,0,0,0,0
826,4070,658,370,47092,0,1042203,12,2016-12-23,4,45,557,9,1,0,0,0,0,1,1,1,1,1
827,3203,613,277,43805,0,1205168,12,2016-12-31,8,40,399,10,1,0,0,0,0,1,0,0,0,0
828,4731,1406,328,54498,0,2023005,1,2017-01-03,3,32,324,11,0,0,1,1,0,0,1,1,1,1
829,1873,428,393,33642,0,964449,1,2017-01-05,2,27,541,9,0,0,1,0,0,1,0,0,0,0
830,3340,1527,307,45483,0,2119765,1,2017-01-06,1,30,394,10,0,0,1,1,0,0,0,0,0,0
831,2210,423,256,35771,0,934912,1,2017-01-18,12,24,429,10,0,0,1,0,1,0,0,0,0,0
832,6763,2175,541,67303,0,3820168,1,2017-01-20,2,32,454,16,0,0,1,1,0,0,1,1,1,1
833,5107,1412,595,59252,0,1862675,1,2017-01-25,5,33,505,24,0,0,1,0,1,0,0,0,0,0
834,2355,747,429,27609,0,969221,1,2017-01-28,3,42,410,18,0,0,1,0,1,0,1,1,1,1
835,1695,457,352,33536,0,719840,2,2017-02-02,5,37,466,7,0,0,1,0,0,1,0,0,0,0
836,1510,463,251,28311,0,871942,2,2017-02-07,5,28,529,10,0,0,1,0,0,1,1,1,1,1
837,4317,606,321,34456,0,1109447,2,2017-02-11,4,30,397,10,0,0,1,0,0,1,0,0,0,0
838,2668,902,349,37442,0,1635880,2,2017-02-11,0,32,386,18,0,0,1,0,1,0,1,1,1,1
839,5433,1440,504,49209,0,2232702,2,2017-02-17,6,21,272,16,0,0,1,0,0,1,0,0,0,0
840,8994,4266,367,75375,0,2251672,2,2017-02-22,5,18,497,13,0,0,1,1,0,0,0,0,0,0
841,2654,924,247,40777,0,1094107,2,2017-02-28,6,43,652,17,0,0,1,0,0,1,0,0,0,0
842,5787,1640,417,81919,0,2949267,3,2017-03-01,1,39,338,8,1,0,0,0,1,0,0,0,0,0
843,1817,639,463,36895,0,957314,3,2017-03-04,3,36,437,9,1,0,0,0,0,1,0,0,0,0
844,9662,2981,410,68865,0,2291489,3,2017-03-09,5,32,362,14,1,0,0,1,0,0,0,0,0,0
845,7473,3133,295,78717,0,4088149,3,2017-03-13,4,26,440,14,1,0,0,0,1,0,1,1,1,1
846,3045,693,274,38300,0,1210693,3,2017-03-17,4,27,461,10,1,0,0,0,0,1,0,0,0,0
847,7220,3848,591,189051,0,5260631,3,2017-03-21,4,26,439,14,1,0,0,0,1,0,0,0,0,0
848,14508,4554,512,124614,0,6627890,3,2017-03-22,1,30,328,19,1,0,0,0,1,0,1,1,1,1
849,9496,3508,274,120274,0,2278612,3,2017-03-25,3,43,323,6,1,0,0,0,0,1,1,1,1,1
850,15323,5187,353,131185,0,3502315,3,2017-03-30,5,13,440,20,1,0,0,0,0,1,0,0,0,0
851,5515,1155,465,45888,0,2069661,4,2017-04-01,2,37,388,14,0,0,0,1,0,0,0,0,0,0
852,3444,1063,422,39297,0,1066690,4,2017-04-05,4,33,382,7,0,0,0,0,1,0,0,0,0,0
853,3844,1833,333,65768,0,2441507,4,2017-04-11,6,25,386,12,0,0,0,0,0,1,0,0,0,0
854,11925,2382,742,101153,0,4840024,4,2017-04-13,2,50,434,14,0,0,0,0,1,0,1,1,1,1
855,27283,1068,410,60070,0,1978846,4,2017-04-18,5,41,314,21,0,0,0,1,0,0,0,0,0,0
856,7251,894,347,47833,0,1714768,4,2017-04-18,0,25,377,19,0,0,0,0,1,0,0,0,0,0
857,4578,1123,337,81111,0,3281004,4,2017-04-25,7,36,596,12,0,0,0,0,1,0,0,0,0,0
858,6460,1402,441,60237,0,2003781,4,2017-04-27,2,38,532,20,0,0,0,0,1,0,0,0,0,0
859,4377,906,460,44189,0,1373832,5,2017-05-01,4,33,394,12,0,0,0,0,1,0,0,0,0,0
860,6079,2113,444,65457,0,2560205,5,2017-05-06,5,34,639,15,0,0,0,0,0,1,0,0,0,0
861,3904,637,436,46310,0,1232478,5,2017-05-11,5,28,443,22,0,0,0,0,0,1,0,0,0,0
862,3002,805,465,42351,0,1194874,5,2017-05-16,5,38,433,15,0,0,0,0,0,1,0,0,0,0
863,2193,1012,408,45342,0,1604992,5,2017-05-18,2,51,369,15,0,0,0,0,1,0,0,0,0,0
864,2861,978,340,38993,0,843011,5,2017-05-22,4,13,407,14,0,0,0,0,1,0,0,0,0,0
865,3356,822,89,66127,0,1242291,5,2017-05-24,2,36,519,17,0,0,0,0,1,0,0,0,0,0
866,4393,930,771,45686,0,1113497,5,2017-05-26,2,30,271,17,0,0,0,1,0,0,0,0,0,0
867,5863,1557,383,46259,0,1781464,6,2017-06-03,8,23,354,16,0,1,0,0,0,1,0,0,0,0
868,6463,2135,427,76797,0,3520982,6,2017-06-06,3,22,421,15,0,1,0,1,0,0,0,0,0,0
869,5316,1487,393,96614,0,3353556,6,2017-06-08,2,46,388,7,0,1,0,0,1,0,0,0,0,0
870,5548,1663,436,68122,0,3548656,6,2017-06-10,2,29,352,18,0,1,0,0,0,1,1,1,1,1
871,11602,6300,610,101664,0,5980486,6,2017-06-13,3,17,448,27,0,1,0,0,1,0,1,1,1,1
872,4098,943,2580,41885,0,968528,6,2017-06-16,3,29,47,3,0,1,0,0,0,1,0,0,0,0
873,3713,723,582,40428,0,976950,6,2017-06-20,4,49,477,10,0,1,0,0,1,0,0,0,0,0
874,4547,6939,402,40312,0,2003490,6,2017-06-23,3,28,462,16,0,1,0,0,1,0,0,0,0,0
875,6263,1707,541,45325,0,1678946,6,2017-06-28,5,23,436,14,0,1,0,0,1,0,0,0,0,0
876,3263,1856,440,52344,0,2080874,7,2017-07-01,3,39,437,10,0,1,0,0,0,1,0,0,0,0
877,3874,865,433,34512,0,1242039,7,2017-07-03,2,29,369,13,0,1,0,0,1,0,0,0,0,0
878,1754,473,411,25691,0,762412,7,2017-07-10,7,41,373,21,0,1,0,0,1,0,0,0,0,0
879,6799,2044,514,46342,0,1664907,7,2017-07-13,3,42,466,16,0,1,0,0,1,0,0,0,0,0
880,4714,2950,383,95281,0,3464763,7,2017-07-16,3,33,356,11,0,1,0,0,0,1,0,0,0,0
881,7855,6377,663,86058,0,4025911,7,2017-07-18,2,26,590,15,0,1,0,0,1,0,1,1,1,1
882,1913,400,307,29494,0,839343,7,2017-07-24,6,36,715,7,0,1,0,0,1,0,0,0,0,0
883,7218,5817,354,107904,0,5206135,7,2017-07-31,7,32,476,12,0,1,0,0,1,0,0,0,0,0
884,19471,6639,1085,120705,0,5826007,8,2017-08-01,1,34,328,25,0,1,0,0,1,0,0,0,0,0
885,12693,7633,294,75859,0,5969725,8,2017-08-02,1,19,376,19,0,1,0,1,0,0,0,0,0,0
886,2749,635,633,43030,0,958995,8,2017-08-04,2,36,526,9,0,1,0,0,1,0,0,0,0,0
887,3121,1666,305,45780,0,1433201,8,2017-08-07,3,28,409,16,0,1,0,1,0,0,0,0,0,0
888,5104,1039,443,53537,0,1716524,8,2017-08-10,3,28,428,14,0,1,0,0,1,0,1,1,1,1
889,7500,1440,416,63725,0,2418500,8,2017-08-16,6,34,388,18,0,1,0,0,1,0,1,1,1,1
890,2600,823,375,38333,0,1166037,8,2017-08-22,6,26,416,11,0,1,0,0,1,0,0,0,0,0
891,6047,2145,616,73667,0,3261950,8,2017-08-23,1,44,416,16,0,1,0,0,1,0,1,1,1,1
892,7704,1509,515,67361,0,2971270,8,2017-08-28,5,23,381,20,0,1,0,0,1,0,0,0,0,0
893,5003,1197,384,55886,0,2547931,8,2017-08-31,3,39,376,21,0,1,0,0,0,1,0,0,0,0
894,19649,6004,473,138508,0,7304633,9,2017-09-01,1,32,381,23,1,0,0,0,1,0,1,1,1,1
895,6712,1613,524,69024,0,2171720,9,2017-09-11,10,35,374,10,1,0,0,1,0,0,0,0,0,0
896,8693,1969,645,76079,0,3228016,9,2017-09-14,3,46,546,21,1,0,0,0,1,0,1,1,1,1
897,2720,1861,407,92361,0,3929029,9,2017-09-15,1,33,549,13,1,0,0,1,0,0,0,0,0,0
898,4517,2131,282,51636,0,2650367,9,2017-09-21,6,34,476,13,1,0,0,0,0,1,1,1,1,1
899,3081,2100,556,44509,0,1788969,9,2017-09-26,5,36,376,10,1,0,0,0,1,0,0,0,0,0
900,8678,1872,627,84472,0,4191379,9,2017-09-30,4,39,433,15,1,0,0,0,0,1,1,1,1,1
901,10906,2487,521,81588,0,3769978,10,2017-10-05,5,27,413,17,1,0,0,0,0,1,1,1,1,1
902,4666,1154,327,70268,0,3240659,10,2017-10-09,4,44,408,14,1,0,0,0,1,0,1,1,1,1
903,5221,1191,676,79339,0,1507800,10,2017-10-12,3,38,475,20,1,0,0,0,1,0,0,0,0,0
904,5164,1731,424,74058,0,2569859,10,2017-10-17,5,52,493,9,1,0,0,1,0,0,1,1,1,1
905,2523,1216,546,43828,0,1152382,10,2017-10-18,1,39,374,12,1,0,0,0,1,0,0,0,0,0
906,11720,4275,1061,126279,0,6615652,10,2017-10-24,6,43,533,17,1,0,0,0,0,1,1,1,1,1
907,22728,9899,344,235382,0,14297482,10,2017-10-31,7,24,422,21,1,0,0,0,0,0,1,1,1,1
908,10680,1883,442,110827,0,3513432,11,2017-11-01,1,31,410,13,1,0,0,0,1,0,1,1,1,1
909,4420,1115,308,58107,0,1492415,11,2017-11-02,1,30,419,17,1,0,0,0,1,0,0,0,0,0
910,6141,3995,417,69026,0,3197442,11,2017-11-04,2,37,482,11,1,0,0,0,1,0,0,0,0,0
911,7002,2646,454,75044,0,3291712,11,2017-11-09,5,33,392,13,1,0,0,0,1,0,0,0,0,0
912,15655,6637,955,132948,0,6095399,11,2017-11-15,6,36,753,25,1,0,0,0,0,1,1,1,1,1
913,7001,2299,446,86513,0,3971876,11,2017-11-16,1,26,566,12,1,0,0,1,0,0,0,0,0,0
914,13702,5650,538,134797,0,5975390,11,2017-11-17,1,37,642,15,1,0,0,0,1,0,0,0,0,0
915,5941,1638,633,64044,0,2199871,11,2017-11-21,4,34,535,22,1,0,0,0,1,0,1,1,1,1
916,2706,702,570,43170,0,1061423,11,2017-11-23,2,46,485,10,1,0,0,1,0,0,0,0,0,0
917,42189,1292,235,154182,0,1629357,11,2017-11-28,5,30,206,8,1,0,0,0,0,1,0,0,0,0
918,5824,590,2501,36139,0,883824,11,2017-11-29,1,38,204,7,1,0,0,1,0,0,0,0,0,0
919,6187,1582,594,82745,0,2749900,12,2017-12-06,7,25,529,22,1,0,0,1,0,0,0,0,0,0
920,8030,2459,428,90037,0,2320656,12,2017-12-12,6,29,553,15,1,0,0,1,0,0,1,1,1,1
921,4131,1157,467,70772,0,2762612,12,2017-12-14,2,43,468,15,1,0,0,0,1,0,1,1,1,1
922,18860,5102,1027,138824,0,3809147,12,2017-12-20,6,23,1525,16,1,0,0,0,0,1,0,0,0,0
923,8164,1920,641,95801,0,1864234,12,2017-12-24,4,53,464,13,1,0,0,0,0,0,0,0,0,0
924,4454,807,250,85584,0,1161078,1,2018-01-02,9,19,340,10,0,0,1,0,1,0,0,0,0,0
925,3979,1075,568,63426,0,1556730,1,2018-01-04,2,25,1092,16,0,0,1,0,1,0,0,0,0,0
926,2049,641,422,58585,0,1620078,1,2018-01-11,7,31,478,15,0,0,1,0,0,1,0,0,0,0
927,2369,819,444,54275,0,1617545,1,2018-01-14,3,31,607,15,0,0,1,0,0,1,0,0,0,0
928,10332,2809,670,103276,0,3336947,1,2018-01-18,4,21,819,15,0,0,1,0,1,0,0,0,0,0
929,2884,1145,768,46680,0,1020110,1,2018-01-23,5,35,440,7,0,0,1,1,0,0,0,0,0,0
930,5284,1273,772,103031,0,2213654,1,2018-01-30,7,43,492,15,0,0,1,0,1,0,0,0,0,0
931,6344,13995,567,50805,0,2191435,2,2018-02-03,4,34,524,10,0,0,1,0,1,0,0,0,0,0
932,5760,2025,574,62942,0,2595842,2,2018-02-05,2,25,577,20,0,0,1,0,1,0,0,0,0,0
933,8553,2443,464,106676,0,2263278,2,2018-02-08,3,14,423,12,0,0,1,0,1,0,0,0,0,0
934,6808,1667,412,46368,0,705869,2,2018-02-13,5,24,299,12,0,0,1,1,0,0,1,1,1,1
935,7344,2248,581,82061,0,3449512,2,2018-02-16,3,48,509,16,0,0,1,0,1,0,1,1,1,1
936,5797,1252,303,82572,0,2233591,2,2018-02-21,5,43,417,18,0,0,1,0,0,1,0,0,0,0
937,2256,666,540,39805,0,856558,2,2018-02-22,1,52,539,7,0,0,1,0,1,0,0,0,0,0
938,13751,2946,507,116348,0,4054026,2,2018-02-25,3,30,418,21,0,0,1,1,0,0,1,1,1,1
939,3793,1267,474,49095,0,1574988,2,2018-02-28,3,37,527,7,0,0,1,0,1,0,0,0,0,0
940,5834,2324,652,55703,0,2090712,3,2018-03-02,2,36,644,9,1,0,0,0,1,0,1,1,1,1
941,19778,4011,484,183049,0,4911658,3,2018-03-07,5,27,504,13,1,0,0,0,1,0,0,0,0,0
942,7137,2563,551,99315,0,1637775,3,2018-03-09,2,38,451,11,1,0,0,0,1,0,0,0,0,0
943,6859,2009,567,64300,0,1802660,3,2018-03-14,5,27,630,13,1,0,0,0,0,1,0,0,0,0
944,7287,1614,427,56108,0,1994160,3,2018-03-16,2,27,656,21,1,0,0,0,1,0,0,0,0,0
945,14164,4944,726,126747,0,7712593,3,2018-03-20,4,49,594,17,1,0,0,0,0,1,1,1,1,1
946,3554,489,679,46683,0,807700,3,2018-03-29,9,38,509,3,1,0,0,0,1,0,0,0,0,0
947,14091,2171,387,128015,0,1640890,4,2018-04-01,3,26,421,9,0,0,0,1,0,0,1,1,1,1
948,11674,1301,506,174557,0,3531728,4,2018-04-03,2,25,535,14,0,0,0,0,1,0,0,0,0,0
949,4417,1928,241,61126,0,2511266,4,2018-04-11,8,30,533,10,0,0,0,0,0,1,1,1,1,1
950,3272,900,580,48170,0,1349229,4,2018-04-14,3,30,549,9,0,0,0,0,0,1,0,0,0,0
951,6278,710,261,82969,0,941850,4,2018-04-16,2,10,407,4,0,0,0,1,0,0,0,0,0,0
952,2292,1691,381,46323,0,1340334,4,2018-04-18,2,36,572,11,0,0,0,0,0,1,1,1,1,1
953,6742,3683,795,75331,0,4428026,4,2018-04-23,5,52,521,18,0,0,0,0,1,0,1,1,1,1
954,13208,4290,626,89764,0,5028447,4,2018-04-28,5,39,495,24,0,0,0,0,0,1,0,0,0,0
955,7020,1536,486,55900,0,2516608,5,2018-05-02,4,24,425,13,0,0,0,1,0,0,1,1,1,1
956,2195,674,950,41898,0,1276829,5,2018-05-07,5,52,483,13,0,0,0,1,0,0,0,0,0,0
957,14434,1761,608,102755,0,2583239,5,2018-05-10,3,31,618,12,0,0,0,0,0,1,0,0,0,0
958,4476,1632,570,63605,0,1910085,5,2018-05-11,1,41,632,11,0,0,0,0,1,0,0,0,0,0
959,5209,2417,558,60638,0,1945198,5,2018-05-15,4,48,557,14,0,0,0,0,0,1,0,0,0,0
960,7427,2014,370,82324,0,3132246,5,2018-05-16,1,22,567,16,0,0,0,1,0,0,1,1,1,1
961,25640,1404,450,62533,0,2115634,5,2018-05-21,5,48,453,20,0,0,0,0,1,0,0,0,0,0
962,9482,3787,712,100641,0,21263170,5,2018-05-25,4,37,498,19,0,0,0,0,1,0,1,1,1,1
963,4705,4208,487,63805,0,1690855,6,2018-06-02,8,51,449,13,0,1,0,0,0,1,0,0,0,0
964,4056,1163,690,59582,0,1243888,6,2018-06-05,3,30,370,13,0,1,0,1,0,0,0,0,0,0
965,4296,2149,457,75046,0,3700654,6,2018-06-07,2,22,541,10,0,1,0,1,0,0,0,0,0,0
966,4319,1294,623,43262,0,1564781,6,2018-06-12,5,41,587,13,0,1,0,0,1,0,1,1,1,1
967,6804,1448,339,62100,0,2642025,6,2018-06-15,3,40,571,14,0,1,0,0,1,0,1,1,1,1
968,5868,1176,364,62226,0,1620127,6,2018-06-19,4,34,450,21,0,1,0,0,1,0,0,0,0,0
969,4272,1525,522,52862,0,1116758,6,2018-06-21,2,32,410,8,0,1,0,0,0,1,0,0,0,0
970,7298,3510,401,87689,0,5952322,6,2018-06-22,1,31,505,11,0,1,0,0,1,0,0,0,0,0
971,3432,617,644,31944,0,809723,6,2018-06-25,3,41,590,22,0,1,0,0,1,0,0,0,0,0
972,5406,1384,549,60995,0,1940848,6,2018-06-27,2,36,506,19,0,1,0,0,1,0,0,0,0,0
973,4419,2521,395,78482,0,1380080,6,2018-06-29,2,13,631,6,0,1,0,0,1,0,0,0,0,0
974,3914,1634,376,58003,0,1774867,7,2018-07-05,6,36,608,20,0,1,0,0,1,0,0,0,0,0
975,9389,1913,588,56773,0,1856283,7,2018-07-13,8,52,647,10,0,1,0,0,1,0,0,0,0,0
976,6055,2239,686,42075,0,1209127,7,2018-07-16,3,39,374,9,0,1,0,0,1,0,0,0,0,0
977,7917,3939,664,70758,0,2933218,7,2018-07-21,5,50,456,16,0,1,0,0,0,1,0,0,0,0
978,10317,2337,611,96610,0,3684235,7,2018-07-25,4,27,517,11,0,1,0,0,1,0,1,1,1,1
979,16420,5173,559,100080,0,3939777,8,2018-08-01,7,26,633,9,0,1,0,0,1,0,0,0,0,0
980,5264,2177,655,49144,0,1925743,8,2018-08-03,2,43,598,9,0,1,0,0,1,0,0,0,0,0
981,8565,3535,377,70510,0,3674971,8,2018-08-07,4,25,449,12,0,1,0,0,1,0,0,0,0,0
982,16785,3225,371,109692,0,3511324,8,2018-08-09,2,46,543,12,0,1,0,1,0,0,1,1,1,1
983,22674,5601,1074,301491,0,7564155,8,2018-08-18,9,28,416,19,0,1,0,0,0,1,0,0,0,0
984,14018,3924,920,181692,0,6221718,8,2018-08-20,2,34,508,13,0,1,0,0,1,0,0,0,0,0
985,12172,2540,654,96721,0,4495271,8,2018-08-23,3,48,568,10,0,1,0,0,0,1,1,1,1,1
986,3508,2344,792,56697,0,1981744,8,2018-08-24,1,68,412,10,0,1,0,0,1,0,0,0,0,0
987,4261,2655,532,91972,0,3371385,8,2018-08-27,3,29,977,6,0,1,0,0,1,0,0,0,0,0
988,5746,2926,402,64664,0,2662503,8,2018-08-31,4,44,501,14,0,1,0,0,1,0,1,1,1,1
989,5537,1923,924,59416,0,1828246,9,2018-09-06,6,41,586,12,1,0,0,0,0,1,0,0,0,0
990,12501,3805,572,120476,0,5142916,9,2018-09-10,4,33,430,18,1,0,0,0,1,0,0,0,0,0
991,10707,2880,365,75644,0,3100284,9,2018-09-13,3,40,490,24,1,0,0,0,0,1,1,1,1,1
992,14210,3811,395,82427,0,4342050,9,2018-09-13,0,41,511,23,1,0,0,0,0,0,1,1,1,1
993,8101,3445,242,83678,0,4011445,9,2018-09-18,5,28,493,22,1,0,0,0,0,0,1,1,1,1
994,13204,4841,720,111846,0,5454880,9,2018-09-18,0,42,573,13,1,0,0,0,1,0,1,1,1,1
995,8020,3017,587,92406,0,4796589,9,2018-09-21,3,45,435,8,1,0,0,0,0,1,1,1,1,1
996,6886,1805,634,54915,0,1619001,9,2018-09-26,5,39,436,12,1,0,0,0,1,0,0,0,0,0
997,11093,7222,484,81228,0,2489986,10,2018-10-01,5,25,525,14,1,0,0,0,1,0,0,0,0,0
998,5507,1138,506,50496,0,1720911,10,2018-10-03,2,42,494,23,1,0,0,0,1,0,1,1,1,1
999,19811,3829,618,116604,0,4923485,10,2018-10-09,6,27,435,21,1,0,0,1,0,0,1,1,1,1
1000,5465,1270,312,65580,0,2263559,10,2018-10-11,2,26,442,12,1,0,0,0,0,1,1,1,1,1
1001,7208,1903,508,59217,0,1950698,10,2018-10-11,0,41,731,14,1,0,0,0,1,0,0,0,0,0
1002,9896,8532,494,66793,0,2628327,10,2018-10-16,5,43,387,9,1,0,0,1,0,0,1,1,1,1
1003,14068,2326,918,89744,0,3421295,10,2018-10-19,3,50,440,11,1,0,0,1,0,0,1,1,1,1
1004,350911,1387,208,133377,0,2077193,10,2018-10-23,4,34,541,12,1,0,0,0,0,0,1,1,1,1
1005,5285,1245,608,49351,0,1484655,10,2018-10-25,2,42,562,17,1,0,0,0,0,1,0,0,0,0
1006,16655,3715,510,137388,0,6892739,10,2018-10-29,4,42,532,18,1,0,0,1,0,0,1,1,1,1
1007,13621,3351,397,110626,0,4680842,10,2018-10-30,1,43,479,16,1,0,0,0,1,0,1,1,1,1
1008,8070,2517,1029,71426,0,3068957,11,2018-11-02,3,51,475,18,1,0,0,0,1,0,1,1,1,1
1009,10732,3661,409,93726,0,3000770,11,2018-11-08,6,41,403,19,1,0,0,0,1,0,0,0,0,0
1010,14764,4921,625,115412,0,5616495,11,2018-11-12,4,35,442,12,1,0,0,0,1,0,1,1,1,1
1011,10187,2492,674,101784,0,4467674,11,2018-11-15,3,48,487,17,1,0,0,0,0,1,1,1,1,1
1012,9775,2551,399,80212,0,2414560,11,2018-11-19,4,20,428,6,1,0,0,0,1,0,0,0,0,0
1013,7484,1897,484,87745,0,3103359,11,2018-11-21,2,39,585,31,1,0,0,1,0,0,0,0,0,0
1014,6040,1681,423,60783,0,2496233,11,2018-11-29,8,33,545,8,1,0,0,0,0,1,1,1,1,1
1015,10342,3795,579,96645,0,2992259,11,2018-11-30,1,33,591,12,1,0,0,0,1,0,0,0,0,0
1016,18951,3241,1194,124497,0,2759713,12,2018-12-04,4,38,735,8,1,0,0,0,0,0,0,0,0,0
1017,4029,1016,541,55135,0,1167382,12,2018-12-11,7,47,691,16,1,0,0,0,1,0,0,0,0,0
1018,37680,24629,671,343397,0,6993936,12,2018-12-12,1,32,835,14,1,0,0,1,0,0,0,0,0,0
1019,7708,2086,565,65405,0,2381962,12,2018-12-15,3,47,532,14,1,0,0,0,1,0,1,1,1,1
1020,24591,6687,951,194343,0,5735049,12,2018-12-19,4,23,1143,16,1,0,0,0,0,1,0,0,0,0
1021,9641,2602,573,85956,0,3044626,12,2018-12-22,3,40,550,20,1,0,0,0,0,1,0,0,0,0
1022,9339,2017,424,99123,0,1451217,12,2018-12-23,1,23,1701,12,1,0,0,0,1,0,0,0,0,0
1023,10619,6293,473,101090,0,3540029,1,2019-01-01,9,24,501,12,0,0,1,0,1,0,0,0,0,0
1024,6837,1730,359,72903,0,2142327,1,2019-01-03,2,37,436,17,0,0,1,0,1,0,0,0,0,0
1025,2995,865,716,46788,0,912502,1,2019-01-07,4,49,574,11,0,0,1,0,1,0,0,0,0,0
1026,3722,863,237,69061,0,1940162,1,2019-01-09,2,44,511,14,0,0,1,0,1,0,0,0,0,0
1027,10759,3264,305,135173,0,4134271,1,2019-01-11,2,40,472,9,0,0,1,0,0,0,0,0,0,0
1028,13240,2883,304,93439,0,3605626,1,2019-01-16,5,37,439,10,0,0,1,0,0,1,0,0,0,0
1029,8740,1899,656,151357,0,3243119,1,2019-01-26,10,45,511,13,0,0,1,0,1,0,0,0,0,0
1030,5448,1516,469,54021,0,1525534,1,2019-01-28,2,34,489,13,0,0,1,0,1,0,0,0,0,0
1031,6111,944,473,72199,0,2350665,2,2019-02-01,4,38,506,17,0,0,1,0,0,0,1,1,1,1
1032,12397,6122,375,103252,0,5523347,2,2019-02-04,3,29,391,18,0,0,1,0,1,0,0,0,0,0
1033,5279,2473,1110,68438,0,2978944,2,2019-02-07,3,24,3698,21,0,0,1,0,1,0,0,0,0,0
1034,17479,3342,628,244773,0,4270621,2,2019-02-12,5,48,567,21,0,0,1,1,0,0,0,0,0,0
1035,10734,2612,511,135714,0,2432125,2,2019-02-14,2,22,1031,11,0,0,1,0,0,1,0,0,0,0
1036,5599,2052,607,74449,0,2130917,2,2019-02-16,2,41,490,20,0,0,1,0,0,1,0,0,0,0
1037,8657,1198,294,78877,0,3155531,2,2019-02-20,4,32,419,24,0,0,1,0,1,0,1,1,1,1
1038,26943,6792,619,216282,0,9640675,2,2019-02-20,0,31,492,16,0,0,1,0,1,0,1,1,1,1
1039,9815,2028,457,74973,0,3158386,2,2019-02-24,4,36,369,27,0,0,1,0,1,0,1,1,1,1
1040,10199,2178,553,116404,0,4031221,2,2019-02-26,2,36,559,25,0,0,1,0,1,0,0,0,0,0
1041,6616,1396,545,58842,0,1978035,3,2019-03-01,3,42,542,19,1,0,0,0,1,0,0,0,0,0
1042,13845,2898,643,143096,0,5080557,3,2019-03-07,6,43,677,25,1,0,0,0,0,1,1,1,1,1
1043,11128,1814,434,110473,0,4513733,3,2019-03-12,5,36,545,20,1,0,0,0,1,0,1,1,1,1
1044,6361,2842,450,94404,0,3648740,3,2019-03-15,3,26,524,12,1,0,0,0,0,0,1,1,1,1
1045,10086,1487,514,79536,0,2659458,3,2019-03-18,3,25,502,15,1,0,0,0,1,0,0,0,0,0
1046,11119,5169,370,122747,0,5211649,3,2019-03-26,8,36,492,9,1,0,0,0,1,0,0,0,0,0
1047,5230,1326,472,63554,0,1997435,3,2019-03-26,0,48,495,15,1,0,0,1,0,0,1,1,1,1
1048,8229,2077,447,94139,0,2818553,3,2019-03-30,4,33,709,17,1,0,0,0,0,1,0,0,0,0
1049,20398,12930,434,157865,0,3926785,4,2019-04-01,2,29,403,6,0,0,0,1,0,0,0,0,0,0
1050,8363,4002,597,55995,0,1841284,4,2019-04-09,8,29,388,11,0,0,0,1,0,0,1,1,1,1
1051,5089,1017,1214,77626,0,1881217,4,2019-04-12,3,25,1523,27,0,0,0,0,1,0,0,0,0,0
1052,13202,3366,541,119489,0,5028486,4,2019-04-15,3,32,423,18,0,0,0,0,1,0,1,1,1,1
1053,11358,12834,305,301774,0,19175340,4,2019-04-16,1,38,478,12,0,0,0,0,1,0,1,1,1,1
1054,32618,15636,589,306791,0,15258713,4,2019-04-18,2,35,744,18,0,0,0,0,1,0,0,0,0,0
1055,11443,4045,1429,125788,0,2651561,4,2019-04-19,1,20,397,17,0,0,0,1,0,0,0,0,0,0
1056,6116,2102,877,69411,0,2943280,4,2019-04-24,5,42,490,18,0,0,0,0,1,0,1,1,1,1
1057,9480,3219,921,93620,0,3616769,4,2019-04-26,2,42,447,22,0,0,0,0,1,0,1,1,1,1
1058,2552,1534,765,48234,0,1488051,5,2019-05-01,5,44,701,5,0,0,0,0,0,1,0,0,0,0
1059,8402,1371,404,70013,0,2244278,5,2019-05-08,7,46,431,12,0,0,0,0,1,0,1,1,1,1
1060,18052,4842,834,185576,0,7247035,5,2019-05-14,6,33,475,16,0,0,0,1,0,0,1,1,1,1
1061,6442,3411,747,124184,0,4234889,5,2019-05-17,3,26,677,10,0,0,0,0,0,1,0,0,0,0
1062,5993,2775,563,91338,0,3683886,5,2019-05-20,3,36,495,22,0,0,0,0,1,0,0,0,0,0
1063,38393,7555,655,181760,0,6635679,5,2019-05-22,2,26,1181,15,0,0,0,0,0,1,0,0,0,0
1064,5534,1414,541,73149,0,2752426,5,2019-05-24,2,34,551,22,0,0,0,0,1,0,1,1,1,1
1065,6072,1583,565,69700,0,2527811,5,2019-05-29,5,36,406,17,0,0,0,0,1,0,0,0,0,0
1066,13003,5083,540,126988,0,5057513,5,2019-05-31,2,39,496,14,0,0,0,0,1,0,0,0,0,0
1067,17241,5117,616,114665,0,4178068,6,2019-06-04,4,48,454,16,0,1,0,0,0,1,1,1,1,1
1068,10638,3303,484,143761,0,5068669,6,2019-06-06,2,22,385,9,0,1,0,0,0,1,0,0,0,0
1069,8907,2357,481,126064,0,4178749,6,2019-06-08,2,35,542,18,0,1,0,0,0,1,1,1,1,1
1070,1944,1017,366,53366,0,1551528,6,2019-06-12,4,30,487,14,0,1,0,0,0,1,0,0,0,0
1071,10995,3885,447,98862,0,2598004,6,2019-06-18,6,28,471,19,0,1,0,0,0,1,0,0,0,0
1072,4178,1351,385,59545,0,2156788,6,2019-06-21,3,31,485,11,0,1,0,0,1,0,0,0,0,0
1073,4505,1491,440,72387,0,2562733,6,2019-06-27,6,43,564,17,0,1,0,0,0,1,1,1,1,1
1074,5125,2702,579,89453,0,3380535,6,2019-06-28,1,24,677,17,0,1,0,0,1,0,0,0,0,0
1075,3886,1711,409,68538,0,2220020,7,2019-07-02,4,38,541,24,0,1,0,0,1,0,0,0,0,0
1076,4762,1962,466,61684,0,2194153,7,2019-07-11,9,44,464,10,0,1,0,0,1,0,0,0,0,0
1077,4864,2715,469,82363,0,2727859,7,2019-07-16,5,29,758,15,0,1,0,0,0,1,0,0,0,0
1078,16879,3267,429,72423,0,3668864,7,2019-07-17,1,21,428,18,0,1,0,0,0,1,0,0,0,0
1079,8846,5611,557,126817,0,6143378,7,2019-07-20,3,35,426,11,0,1,0,0,1,0,0,0,0,0
1080,8247,2606,628,87459,0,3107474,7,2019-07-26,6,39,494,24,0,1,0,0,1,0,1,1,1,1
1081,22039,5712,598,198823,0,7258622,8,2019-08-07,12,52,415,18,0,1,0,0,1,0,1,1,1,1
1082,12259,6823,425,179169,0,6108472,8,2019-08-09,2,34,485,13,0,1,0,0,1,0,1,1,1,1
1083,2609,875,346,36752,0,672985,8,2019-08-13,4,40,548,6,0,1,0,0,1,0,0,0,0,0
1084,24688,5973,669,199126,0,6221253,8,2019-08-19,6,14,484,19,0,1,0,0,1,0,0,0,0,0
1085,11405,3364,780,99021,0,3704724,8,2019-08-22,3,51,505,16,0,1,0,0,1,0,1,1,1,1
1086,7912,2523,584,81302,0,3247353,8,2019-08-27,5,36,606,12,0,1,0,0,0,1,0,0,0,0
1087,9550,2988,766,86102,0,2439898,9,2019-09-05,9,32,406,22,1,0,0,0,0,1,0,0,0,0
1088,3896,1416,1010,69653,0,2363178,9,2019-09-06,1,32,745,30,1,0,0,0,1,0,0,0,0,0
1089,16653,3954,542,119367,0,4599358,9,2019-09-11,5,41,486,12,1,0,0,0,0,1,1,1,1,1
1090,27978,7555,466,169215,0,7512631,9,2019-09-11,0,39,464,20,1,0,0,0,0,0,1,1,1,1
1091,13403,2179,744,118769,0,3463285,9,2019-09-13,2,39,462,17,1,0,0,0,1,0,1,1,1,1
1092,12900,5229,454,150870,0,6100374,9,2019-09-15,2,42,606,13,1,0,0,0,1,0,0,0,0,0
1093,14791,7516,383,118117,0,4209543,9,2019-09-17,2,31,417,15,1,0,0,0,0,0,1,1,1,1
1094,15886,5887,943,151840,0,6368736,9,2019-09-20,3,46,493,13,1,0,0,0,0,1,1,1,1,1
1095,6730,1547,605,78919,0,2697014,9,2019-09-26,6,43,500,21,1,0,0,1,0,0,1,1,1,1
1096,8097,2794,490,102917,0,3612990,9,2019-09-30,4,27,515,11,1,0,0,0,1,0,1,1,1,1
1097,4742,1348,565,80200,0,2755991,10,2019-10-02,2,42,542,10,1,0,0,1,0,0,1,1,1,1
1098,7207,1666,437,86293,0,2806128,10,2019-10-02,0,43,494,15,1,0,0,1,0,0,0,0,0,0
1099,4722,856,698,66738,0,1406784,10,2019-10-03,1,46,544,5,1,0,0,0,1,0,0,0,0,0
1100,6923,1307,1121,105161,0,1605144,10,2019-10-08,5,43,453,10,1,0,0,0,0,1,1,1,1,1
1101,4167,1498,458,62802,0,2164279,10,2019-10-09,1,46,605,29,1,0,0,0,1,0,1,1,1,1
1102,12378,2487,904,166000,0,3362996,10,2019-10-11,2,67,1104,9,1,0,0,0,1,0,0,0,0,0
1103,17159,3859,605,115171,0,4133455,10,2019-10-16,5,37,404,13,1,0,0,0,0,1,1,1,1,1
1104,3955,1189,397,60800,0,1880423,10,2019-10-18,2,42,515,10,1,0,0,0,0,1,0,0,0,0
1105,10982,2560,1124,86768,0,3172108,10,2019-10-22,4,47,535,14,1,0,0,0,0,1,1,1,1,1
1106,19470,6004,427,236346,0,8664344,10,2019-10-29,7,35,461,12,1,0,0,1,0,0,1,1,1,1
1107,5155,1574,595,63072,0,2034000,10,2019-10-31,2,35,549,31,1,0,0,0,1,0,0,0,0,0
1108,3442,1022,418,55070,0,1588159,11,2019-11-01,1,37,506,12,1,0,0,0,1,0,0,0,0,0
1109,7103,2171,577,113060,0,3337236,11,2019-11-05,4,40,528,12,1,0,0,0,0,1,1,1,1,1
1110,12920,2027,624,82329,0,2686295,11,2019-11-07,2,33,573,12,1,0,0,0,1,0,0,0,0,0
1111,5626,1716,427,93401,0,2866095,11,2019-11-13,6,34,392,13,1,0,0,1,0,0,1,1,1,1
1112,17075,4727,535,165770,0,6638374,11,2019-11-14,1,57,440,12,1,0,0,0,0,0,1,1,1,1
1113,6513,2281,631,80560,0,2471610,11,2019-11-19,5,37,561,7,1,0,0,0,1,0,0,0,0,0
1114,34333,6585,512,185117,0,7251867,11,2019-11-22,3,43,527,20,1,0,0,0,0,0,1,1,1,1
1115,20772,8839,466,183625,0,4665515,11,2019-11-24,2,33,712,15,1,0,0,0,0,1,0,0,0,0
